DATE,PORTFOLIO_VALUE,PORTFOLIO_EXPENSE,PORTFOLIO_PROFIT,PORTFOLIO_DRAWDOWN
2019-07-29,293.60553308144506,299.60553308144506,-6.0,0.0
2019-07-30,941.5354166289089,965.1578125993418,-23.622395970432876,0.0
2019-07-31,940.0472744853435,965.1578125993418,-25.11053811399836,-0.0015805482377855258
2019-08-01,946.3506815790656,965.1578125993418,-18.807131020276188,0.0
2019-08-02,935.1291327228846,965.1578125993418,-30.028679876457204,-0.011857706740863672
2019-08-05,1186.2714977332625,1231.177624185575,-44.90612645231249,0.0
2019-08-06,1176.3278181322362,1231.177624185575,-54.84980605333885,-0.008382296649651304
2019-08-07,1186.597825457372,1231.177624185575,-44.57979872820306,0.0
2019-08-08,1191.9209410301214,1231.177624185575,-39.25668315545363,0.0
2019-08-09,1192.785738687439,1231.177624185575,-38.391885498135935,0.0
2019-08-12,1184.4285902776837,1231.177624185575,-46.74903390789132,-0.0070064120811435295
2019-08-13,1445.2179019060113,1491.56088656062,-46.3429846546087,0.0
2019-08-14,1441.248503119823,1491.56088656062,-50.31238344079702,-0.002746574603700466
2019-08-15,1802.8113558161263,1858.3969003545653,-55.58554453843908,0.0
2019-08-16,1817.5413495770117,1858.3969003545653,-40.85555077755362,0.0
2019-08-19,1829.3819808973144,1858.3969003545653,-29.014919457250926,0.0
2019-08-20,1827.9015959256394,1858.3969003545653,-30.49530442892592,-0.0008092268247601646
2019-08-21,1832.360811396165,1858.3969003545653,-26.03608895840034,0.0
2019-08-22,1824.4727338316761,1858.3969003545653,-33.92416652288921,-0.004304871352535943
2019-08-23,1825.114724671048,1858.3969003545653,-33.28217568351738,-0.003954508675393408
2019-08-26,1826.7466826788605,1858.3969003545653,-31.65021767570488,-0.0030638773119290082
2019-08-27,1831.4325303126025,1858.3969003545653,-26.964370041962866,-0.0005066038728776466
2019-08-28,1837.478948164197,1858.3969003545653,-20.917952190368396,0.0
2019-08-29,1846.019927709404,1858.3969003545653,-12.376972645161231,0.0
2019-08-30,1850.1895748286147,1858.3969003545653,-8.207325525950637,0.0
2019-09-02,1857.0325164708247,1858.3969003545653,-1.3643838837406292,0.0
2019-09-03,1859.4222449605193,1858.3969003545653,1.0253446059539328,0.0
2019-09-04,1864.1978063355004,1858.3969003545653,5.800905980935113,0.0
2019-09-05,1864.5322542535923,1858.3969003545653,6.135353899026995,0.0
2019-09-06,2167.0767156326137,2160.080147901049,6.996567731564937,0.0
2019-09-09,2157.2822370264043,2160.080147901049,-2.797910874644458,-0.004519673224097278
2019-09-10,2151.250042785703,2160.080147901049,-8.83010511534576,-0.0073032360750046495
2019-09-11,2160.690906094869,2160.080147901049,0.6107581938204021,-0.00294673902943966
2019-09-12,2170.1249202018284,2160.080147901049,10.044772300779641,0.0
2019-09-13,2532.011596252821,2544.4521419196035,-12.440545666782327,0.0
2019-09-16,2544.0508849750763,2544.4521419196035,-0.40125694452717653,0.0
2019-09-17,2544.3311538676253,2544.4521419196035,-0.12098805197820184,0.0
2019-09-18,2543.058707386961,2544.4521419196035,-1.393434532642459,-0.0005001104037617185
2019-09-19,2552.3100145172843,2544.4521419196035,7.857872597680853,0.0
2019-09-20,2556.610614471449,2544.4521419196035,12.158472551845534,0.0
2019-09-23,2561.4491425174688,2544.4521419196035,16.99700059786528,0.0
2019-09-24,2561.283970647964,2544.4521419196035,16.831828728360506,-6.448375912021386e-05
2019-09-25,2556.2055037469718,2544.4521419196035,11.75336182736828,-0.002047137568908901
2019-09-26,2556.0751702854013,2544.4521419196035,11.623028365797836,-0.0020980202740959924
2019-09-27,2557.051289524192,2544.4521419196035,12.599147604588325,-0.0017169394153789892
2019-09-30,2836.0311589576204,2840.261399875905,-4.230240918284835,0.0
2019-10-01,2838.1690426465666,2840.261399875905,-2.0923572293386314,0.0
2019-10-02,2805.111803370327,2840.261399875905,-35.1495965055783,-0.011647382090185192
2019-10-03,2804.976134085014,2840.261399875905,-35.28526579089112,-0.01169518378320426
2019-10-04,2825.0012403394203,2840.261399875905,-15.260159536484935,-0.004639541235664895
2019-10-07,2826.2149787351946,2840.261399875905,-14.046421140710663,-0.004211892854776887
2019-10-08,2812.457290423654,2840.261399875905,-27.804109452251396,-0.009059274425365724
2019-10-09,2812.891815427159,2840.261399875905,-27.36958444874608,-0.008906173959193308
2019-10-10,3182.4833444249234,3220.5454117167255,-38.06206729180212,0.0
2019-10-11,3202.2595904294744,3220.5454117167255,-18.28582128725111,0.0
2019-10-14,3210.955570119303,3220.5454117167255,-9.589841597422492,0.0
2019-10-15,3215.8273542711017,3220.5454117167255,-4.718057445623799,0.0
2019-10-16,3220.4700358268237,3220.5454117167255,-0.07537588990180666,0.0
2019-10-17,3217.073732772416,3220.5454117167255,-3.4716789443095877,-0.0010545985575474586
2019-10-18,3203.816737561235,3220.5454117167255,-16.728674155490353,-0.005171076917445368
2019-10-21,3203.055738180991,3220.5454117167255,-17.48967353573471,-0.005407377634973696
2019-10-22,3476.606648298597,3489.356100109367,-12.749451810770097,0.0
2019-10-23,3481.3881168562275,3489.356100109367,-7.967983253139664,0.0
2019-10-24,3497.4101062518016,3489.356100109367,8.054006142434446,0.0
2019-10-25,3507.4011957536372,3489.356100109367,18.045095644270077,0.0
2019-10-28,3505.8429617997194,3489.356100109367,16.48686169035227,-0.0004442702351257504
2019-10-29,3503.0399644561253,3489.356100109367,13.683864346758128,-0.0012434366797821797
2019-10-30,3773.4101066979647,3769.065554286522,4.344552411442692,0.0
2019-10-31,3772.8716133808603,3769.065554286522,3.806059094338252,-0.00014270733948281708
2019-11-01,4171.856702348232,4157.281565333886,14.575137014346183,0.0
2019-11-04,4186.235308796034,4157.281565333886,28.95374346214794,0.0
2019-11-05,4185.245348324866,4157.281565333886,27.96378299098069,-0.0002364798913924322
2019-11-06,4198.716165386958,4157.281565333886,41.434600053072245,0.0
2019-11-07,4198.173235765221,4157.281565333886,40.891670431335115,-0.00012930848391536683
2019-11-08,4198.74585797625,4157.281565333886,41.464292642363944,0.0
2019-11-11,4183.925134942457,4157.281565333886,26.643569608570942,-0.0035297975955459306
2019-11-12,4197.263705678805,4157.281565333886,39.98214034491957,-0.00035299881144955835
2019-11-13,4202.787661924757,4157.281565333886,45.50609659087149,0.0
2019-11-14,4205.0740149587555,4157.281565333886,47.79244962486973,0.0
2019-11-15,4512.523952075244,4459.865250953917,52.658701121326885,0.0
2019-11-18,4509.217894757147,4459.865250953917,49.35264380323042,-0.000732640392208014
2019-11-19,4507.042030257269,4459.865250953917,47.176779303352305,-0.0012148238715616179
2019-11-20,4498.954011902148,4459.865250953917,39.08876094823063,-0.003007172996135708
2019-11-21,4485.288585413848,4459.865250953917,25.42333445993063,-0.006035506282215102
2019-11-22,4499.162047067146,4459.865250953917,39.29679611322899,-0.002961071265217982
2019-11-25,4521.058597164076,4459.865250953917,61.19334621015878,0.0
2019-11-26,4534.227101057572,4459.865250953917,74.36185010365534,0.0
2019-11-27,4533.847298419152,4459.865250953917,73.98204746523515,-8.376347941010755e-05
2019-11-28,4542.243039843802,4459.865250953917,82.37778888988487,0.0
2019-11-29,4810.5063888885,4742.595778581635,67.91061030686433,0.0
2019-12-02,4769.746886633894,4742.595778581635,27.151108052258678,-0.008473016967351624
2019-12-03,4752.48914199407,4742.595778581635,9.893363412435065,-0.012060527978601136
2019-12-04,4773.263446984665,4742.595778581635,30.667668403029893,-0.007742000299565067
2019-12-05,4781.910048939642,4742.595778581635,39.31427035800698,-0.005944559187138867
2019-12-06,4803.356274679601,4742.595778581635,60.76049609796519,-0.0014863537496623558
2019-12-09,5086.314929821308,5027.160594879806,59.154334941502384,0.0
2019-12-10,5078.458611368196,5027.160594879806,51.2980164883902,-0.0015445992946780012
2019-12-11,5079.387476302793,5027.160594879806,52.22688142298739,-0.0013619788813899435
2019-12-12,5381.798684993274,5329.617333043048,52.18135195022569,0.0
2019-12-13,5407.280109270046,5329.617333043048,77.66277622699727,0.0
2019-12-16,5438.940088893129,5329.617333043048,109.32275585008028,0.0
2019-12-17,5745.172822364042,5652.291336644123,92.88148571991951,0.0
2019-12-18,5726.249977866593,5652.291336644123,73.95864122247076,-0.00329369456455486
2019-12-19,5740.631449705737,5652.291336644123,88.34011306161483,-0.000790467545315022
2019-12-20,5751.796002441048,5652.291336644123,99.50466579692511,0.0
2019-12-23,5772.59999430258,5652.291336644123,120.30865765845738,0.0
2019-12-24,5762.002349683909,5652.291336644123,109.71101303978685,-0.0018358529309375593
2019-12-26,5762.002349683909,5652.291336644123,109.71101303978685,-0.0018358529309375593
2019-12-27,5791.592119145947,5652.291336644123,139.30078250182487,0.0
2019-12-30,5760.750016713309,5652.291336644123,108.45868006918681,-0.005325323641262597
2019-12-31,5760.804191428758,5652.291336644123,108.51285478463524,-0.0053159696131587645
2020-01-02,5792.481115706561,5652.291336644123,140.189779062438,0.0
2020-01-03,5813.637816823893,5652.291336644123,161.34648017977088,0.0
2020-01-06,5804.230014973792,5652.291336644123,151.93867832966953,-0.0016182297808226762
2020-01-07,5826.633820236742,5652.291336644123,174.34248359261983,0.0
2020-01-08,5837.976625803386,5652.291336644123,185.68528915926345,0.0
2020-01-09,5855.955345855285,5652.291336644123,203.664009211162,0.0
2020-01-10,5863.924893114383,5652.291336644123,211.63355647026037,0.0
2020-01-13,5855.588814776925,5652.291336644123,203.2974781328021,-0.0014215868193071125
2020-01-14,5844.07721640796,5652.291336644123,191.78587976383733,-0.00338470854729549
2020-01-15,5859.230787994888,5652.291336644123,206.939451350765,-0.0008005056689943858
2020-01-16,6166.353332156587,5967.483063995689,198.87026816089838,0.0
2020-01-17,6205.52783701955,5967.483063995689,238.04477302386113,0.0
2020-01-20,6215.65311158422,5967.483063995689,248.1700475885309,0.0
2020-01-21,6439.849875408942,6207.818107745597,232.0317676633449,0.0
2020-01-22,6452.5277156589755,6207.818107745597,244.70960791337802,0.0
2020-01-23,6456.500440496502,6207.818107745597,248.6823327509046,0.0
2020-01-24,6822.413531786448,6546.202110431144,276.2114213553041,0.0
2020-01-27,6759.636389905604,6546.202110431144,213.4342794744598,-0.009201603155299514
2020-01-28,6785.611132995814,6546.202110431144,239.4090225646696,-0.005394337153438098
2020-01-29,6794.328750498942,6546.202110431144,248.12664006779778,-0.004116546315560602
2020-01-30,6765.301080372907,6546.202110431144,219.09896994176233,-0.008371297217245471
2020-01-31,6733.630017240739,6546.202110431144,187.4279068095948,-0.013013505284025393
2020-02-03,6746.395587164659,6546.202110431144,200.19347673351513,-0.01114238300970942
2020-02-04,6766.018328977049,6546.202110431144,219.81621854590503,-0.008266166005131028
2020-02-05,6808.040611025403,6546.202110431144,261.83850059425913,-0.0021067208391985885
2020-02-06,6846.602463370132,6546.202110431144,300.40035293898745,0.0
2020-02-07,6843.4246982459235,6546.202110431144,297.2225878147792,-0.00046413752532143234
2020-02-10,6867.930883331719,6546.202110431144,321.72877290057477,0.0
2020-02-11,6905.107544751918,6546.202110431144,358.90543432077357,0.0
2020-02-12,6927.045440873289,6546.202110431144,380.8433304421451,0.0
2020-02-13,6953.332298380511,6546.202110431144,407.1301879493667,0.0
2020-02-14,6984.415859424553,6546.202110431144,438.21374899340844,0.0
2020-02-17,6999.102166238843,6546.202110431144,452.90005580769866,0.0
2020-02-18,6987.8198700864,6546.202110431144,441.6177596552561,-0.0016119633467938628
2020-02-19,7041.992564241875,6546.202110431144,495.79045381073047,0.0
2020-02-20,6999.368442746207,6546.202110431144,453.1663323150624,-0.006052849546037102
2020-02-21,7339.2445982995005,6893.154106280754,446.0904920187468,0.0
2020-02-24,7246.369681483911,6893.154106280754,353.21557520315764,-0.012654560775520168
2020-02-25,7445.7071542567555,7185.110682276691,260.59647198006496,0.0
2020-02-26,7425.519389963016,7185.110682276691,240.40870768632522,-0.002711329343942607
2020-02-27,7560.546927739375,7471.347475456124,89.19945228325105,0.0
2020-02-28,7322.990026269792,7471.347475456124,-148.3574491863319,-0.03142059744355203
2020-03-02,7355.393680346089,7471.347475456124,-115.95379511003466,-0.02713470987668707
2020-03-03,7382.486073382672,7471.347475456124,-88.86140207345215,-0.023551319244300213
2020-03-04,7418.215663274893,7471.347475456124,-53.131812181231,-0.01882552490247415
2020-03-05,7434.646753483718,7471.347475456124,-36.70072197240552,-0.016652257496575194
2020-03-06,7286.793894104723,7471.347475456124,-184.55358135140068,-0.03620809926200731
2020-03-09,7026.53026823766,7471.347475456124,-444.8172072184643,-0.07063201440393517
2020-03-10,6993.396423756047,7471.347475456124,-477.9510517000772,-0.07501448101624413
2020-03-11,6990.361902719614,7471.347475456124,-480.9855727365102,-0.07541584365117461
2020-03-12,6602.870823362619,7471.347475456124,-868.4766520935045,-0.12666756962556192
2020-03-13,6579.169708586246,7471.347475456124,-892.1777668698778,-0.12980241092777178
2020-03-16,6457.271730896289,7471.347475456124,-1014.0757445598347,-0.1459253156402229
2020-03-17,6490.6883359317035,7471.347475456124,-980.6591395244204,-0.14150544954392105
2020-03-18,6315.700643467745,7471.347475456124,-1155.6468319883788,-0.16465029529865538
2020-03-19,6310.7106419642505,7471.347475456124,-1160.6368334918734,-0.16531030065953561
2020-03-20,6429.428352461806,7471.347475456124,-1041.919122994318,-0.14960803577946666
2020-03-23,6627.134012521925,7744.132295798097,-1116.9982832761725,-0.12345838523834719
2020-03-24,7265.43980927544,8097.432287405763,-831.9924781303234,-0.03903250932564119
2020-03-25,7648.404499118712,8378.27363135035,-729.8691322316381,0.0
2020-03-26,7709.722600507119,8378.27363135035,-668.5510308432313,0.0
2020-03-27,7600.376045041634,8378.27363135035,-777.8975863087162,-0.01418294290618089
2020-03-30,7687.218521749597,8378.27363135035,-691.055109600753,-0.0029189219798960693
2020-03-31,7753.509408844221,8378.27363135035,-624.764222506129,0.0
2020-04-01,7609.132728966832,8378.27363135035,-769.1409023835186,-0.018620817008708712
2020-04-02,7692.742126015668,8378.27363135035,-685.5315053346822,-0.007837390738087903
2020-04-03,7729.052450222523,8378.27363135035,-649.2211811278275,-0.003154308240575694
2020-04-06,7890.868133532154,8378.27363135035,-487.4054978181957,0.0
2020-04-07,8702.769391909347,9081.244945540957,-378.4755536316097,0.0
2020-04-08,8659.136698407263,9081.244945540957,-422.108247133694,-0.0050136561750846855
2020-04-09,8807.721725096088,9081.244945540957,-273.52322044486937,0.0
2020-04-13,8807.721725096088,9081.244945540957,-273.52322044486937,0.0
2020-04-14,8903.245200473148,9081.244945540957,-177.99974506780927,0.0
2020-04-15,8812.327066974485,9081.244945540957,-268.9178785664717,-0.010211797097740354
2020-04-16,8888.465632050236,9081.244945540957,-192.7793134907206,-0.0016600203734842538
2020-04-17,8930.985059142626,9081.244945540957,-150.25988639833122,0.0
2020-04-20,8955.347058040472,9081.244945540957,-125.89788750048501,0.0
2020-04-21,8769.868759601675,9081.244945540957,-311.37618593928164,-0.020711458443396308
2020-04-22,8866.657330601478,9081.244945540957,-214.58761493947895,-0.009903550009194196
2020-04-23,8977.012143888074,9081.244945540957,-104.2328016528827,0.0
2020-04-24,8948.405308753527,9081.244945540957,-132.8396367874302,-0.003186676666581569
2020-04-27,9009.851950059974,9081.244945540957,-71.39299548098279,0.0
2020-04-28,9310.749402731002,9354.260095961,-43.51069322999865,0.0
2020-04-29,9391.549221190882,9354.260095961,37.28912522988139,0.0
2020-04-30,9301.91379042805,9354.260095961,-52.34630553295028,-0.009544264599133472
2020-05-01,9237.821442540308,9354.260095961,-116.4386534206933,-0.016368734809343997
2020-05-04,9427.972939676598,9661.639020952396,-233.6660812757982,0.0
2020-05-05,9564.779694666002,9661.639020952396,-96.85932628639421,0.0
2020-05-06,9564.751188162249,9661.639020952396,-96.88783279014751,-2.980361771343581e-06
2020-05-07,9628.443963397094,9661.639020952396,-33.1950575553019,0.0
2020-05-08,9645.773877490112,9661.639020952396,-15.865143462284323,0.0
2020-05-11,9658.703078417831,9661.639020952396,-2.935942534564674,0.0
2020-05-12,9675.50806707252,9661.639020952396,13.86904612012404,0.0
2020-05-13,9867.841545197942,9991.179037126713,-123.33749192877076,0.0
2020-05-14,9847.508050372504,9991.179037126713,-143.67098675420857,-0.0020605818133888503
2020-05-15,9898.875338294449,9991.179037126713,-92.30369883226376,0.0
2020-05-18,10020.977097072824,9991.179037126713,29.798059946111607,0.0
2020-05-19,10281.960644811945,10293.887718481074,-11.927073669128731,0.0
2020-05-20,10330.42458844214,10293.887718481074,36.53686996106626,0.0
2020-05-21,10217.070652937991,10293.887718481074,-76.81706554308221,-0.010972824450117068
2020-05-22,10240.451300529503,10293.887718481074,-53.43641795157055,-0.00870954404074548
2020-05-25,10295.061484245323,10293.887718481074,1.1737657642497652,-0.003423199491372441
2020-05-26,10338.979294780562,10293.887718481074,45.091576299488224,0.0
2020-05-27,10301.946226610773,10293.887718481074,8.058508129699476,-0.0035818882226105425
2020-05-28,10358.270169605485,10293.887718481074,64.38245112441109,0.0
2020-05-29,10267.859385015341,10293.887718481074,-26.02833346573243,-0.008728367102784981
2020-06-01,10272.780482808508,10293.887718481074,-21.107235672565366,-0.008253278336746888
2020-06-02,10375.207654847933,10293.887718481074,81.31993636685911,0.0
2020-06-03,10410.190864753407,10293.887718481074,116.30314627233383,0.0
2020-06-04,10351.7391479179,10293.887718481074,57.85142943682695,-0.005614855442603979
2020-06-05,10696.496345456892,10602.13103860077,94.3653068561216,0.0
2020-06-08,10762.539186656973,10602.13103860077,160.40814805620357,0.0
2020-06-09,10777.641788237199,10602.13103860077,175.51074963642895,0.0
2020-06-10,10739.597608107777,10602.13103860077,137.46656950700708,-0.003529916922173419
2020-06-11,10590.886686755786,10602.13103860077,-11.244351844983612,-0.017328011558636003
2020-06-12,10960.74966052784,10991.855045253602,-31.105384725762633,0.0
2020-06-15,10900.17012477488,10991.855045253602,-91.68492047872132,-0.00552695186271058
2020-06-16,11055.62344396218,10991.855045253602,63.76839870857839,0.0
2020-06-17,11388.720726304164,11271.54861119003,117.1721151141337,0.0
2020-06-18,11386.995844572766,11271.54861119003,115.44723338273616,-0.0001514552663859463
2020-06-19,11441.664214780743,11271.54861119003,170.11560359071336,0.0
2020-06-22,11404.33495905088,11271.54861119003,132.78634786085058,-0.00326257221232201
2020-06-23,11443.836886570376,11271.54861119003,172.28827538034602,0.0
2020-06-24,11300.74749203157,11271.54861119003,29.198880841540813,-0.012503620591335423
2020-06-25,11318.417361303054,11271.54861119003,46.86875011302436,-0.010959569461751466
2020-06-26,11325.886025409756,11271.54861119003,54.33741421972627,-0.010306933096804097
2020-06-29,11327.814774107403,11271.54861119003,56.26616291737264,-0.010138392709802442
2020-06-30,11351.632493388843,11271.54861119003,80.08388219881272,-0.008057122282976387
2020-07-01,11756.578592828671,11667.708622481534,88.8699703471375,0.0
2020-07-02,11897.9629395996,11667.708622481534,230.25431711806596,0.0
2020-07-03,11875.019312390501,11667.708622481534,207.3106899089671,-0.0019283660005979955
2020-07-06,11977.720911046483,11667.708622481534,310.0122885649489,0.0
2020-07-07,11939.505001022466,11667.708622481534,271.796378540932,-0.0031905827751231206
2020-07-08,11949.705259672188,11667.708622481534,281.9966371906539,-0.0023389801434142176
2020-07-09,11897.916490338803,11667.708622481534,230.20786785726887,-0.006662738370709591
2020-07-10,11971.831757641468,11667.708622481534,304.12313515993446,-0.0004916756241651242
2020-07-13,12069.266548976457,11667.708622481534,401.55792649492287,0.0
2020-07-14,11922.359417175096,11667.708622481534,254.6507946935617,-0.012172001604672468
2020-07-15,11973.908880690855,11667.708622481534,306.20025820932096,-0.007900866875269134
2020-07-16,11917.466256377324,11667.708622481534,249.7576338957897,-0.012577424815595503
2020-07-17,11961.196893894574,11667.708622481534,293.4882714130399,-0.008954119510356483
2020-07-20,11966.909383911847,11667.708622481534,299.2007614303129,-0.008480810714491215
2020-07-21,12346.753590610211,11958.89170344341,387.86188716680044,0.0
2020-07-22,12292.253318785302,11958.89170344341,333.3616153418916,-0.0044141378075575
2020-07-23,12323.243714328903,11958.89170344341,364.35201088549184,-0.0019041342413432488
2020-07-24,12198.163523677564,11958.89170344341,239.27182023415298,-0.012034747906984326
2020-07-27,12206.665558889908,11958.89170344341,247.7738554464977,-0.01134614299153428
2020-07-28,12213.007950537643,11958.89170344341,254.11624709423268,-0.010832453979990515
2020-07-29,12252.82982925644,11958.89170344341,293.9381258130288,-0.007607162535842723
2020-07-30,12156.942161469826,11958.89170344341,198.05045802641507,-0.015373387647805511
2020-07-31,12441.532024262771,12268.9425908364,172.58943342637212,0.0
2020-08-03,12617.158026526513,12268.9425908364,348.21543569011374,0.0
2020-08-04,12675.262421417296,12268.9425908364,406.31983058089645,0.0
2020-08-05,12716.44231537068,12268.9425908364,447.4997245342802,0.0
2020-08-06,12700.932524451451,12268.9425908364,431.989933615052,-0.0012196643160549009
2020-08-07,12717.69487944493,12268.9425908364,448.75228860853167,0.0
2020-08-10,12759.139358697688,12268.9425908364,490.1967678612891,0.0
2020-08-11,12723.71569136325,12268.9425908364,454.7731005268506,-0.0027763367370300563
2020-08-12,12731.103122582577,12268.9425908364,462.1605317461781,-0.0021973453950872635
2020-08-13,12681.037712657915,12268.9425908364,412.09512182151593,-0.006121231522291715
2020-08-14,13230.818142480348,12869.885873280138,360.9322692002097,0.0
2020-08-17,13296.530037162422,12869.885873280138,426.64416388228346,0.0
2020-08-18,13265.988491401213,12869.885873280138,396.10261812107456,-0.002296956098760237
2020-08-19,13249.225684064742,12869.885873280138,379.3398107846042,-0.0035576464660681028
2020-08-20,13216.293274133426,12869.885873280138,346.407400853288,-0.0060344137007732135
2020-08-21,13260.377828863715,12869.885873280138,390.4919555835768,-0.002718920515176893
2020-08-24,13331.789287848569,12869.885873280138,461.9034145684309,0.0
2020-08-25,13299.23367885851,12869.885873280138,429.3478055783726,-0.0024419534607955096
2020-08-26,13374.177446235264,12869.885873280138,504.29157295512596,0.0
2020-08-27,13383.302965766332,12869.885873280138,513.4170924861937,0.0
2020-08-28,13782.679303387706,13234.36586519298,548.3134381947257,0.0
2020-08-31,13749.154542187754,13234.36586519298,514.7886769947745,-0.0024323834620247585
2020-09-01,14053.481933661542,13549.156084166612,504.32584949492957,0.0
2020-09-02,14151.573987664886,13549.156084166612,602.4179034982735,0.0
2020-09-03,14037.775874111572,13549.156084166612,488.61978994495985,-0.008041375019662473
2020-09-04,13878.966342743746,13549.156084166612,329.81025857713394,-0.01926341516207003
2020-09-07,13980.711552470391,13549.156084166612,431.555468303779,-0.012073740726185335
2020-09-08,13866.291361267586,13549.156084166612,317.1352771009733,-0.020159073940889168
2020-09-09,13939.89337186651,13549.156084166612,390.73728769989793,-0.014958096956768583
2020-09-10,13933.916384411428,13549.156084166612,384.7603002448159,-0.01538045191603261
2020-09-11,13810.149617922418,13549.156084166612,260.9935337558054,-0.024126247019594295
2020-09-14,13878.294529479415,13549.156084166612,329.138445312803,-0.019310887850614532
2020-09-15,13919.294630745235,13549.156084166612,370.1385465786225,-0.016413676466103037
2020-09-16,13983.249575870435,13549.156084166612,434.093491703823,-0.011894395064546828
2020-09-17,13926.294241038275,13549.156084166612,377.13815687166243,-0.015919059379753412
2020-09-18,13863.0976234829,13549.156084166612,313.94153931628716,-0.020384754687601155
2020-09-21,13622.790697969845,13549.156084166612,73.63461380323315,-0.03736568738968191
2020-09-22,13714.875658269291,13549.156084166612,165.71957410267896,-0.03085864016089231
2020-09-23,14123.469785067575,13954.876077757921,168.59370730965384,-0.001985941819744426
2020-09-24,14333.840140867846,14239.849568543485,93.99057232436098,0.0
2020-09-25,14370.44671630768,14239.849568543485,130.59714776419605,0.0
2020-09-28,14556.298260381034,14239.849568543485,316.44869183754963,0.0
2020-09-29,14541.628015094124,14239.849568543485,301.7784465506393,-0.0010078280222410297
2020-09-30,14545.07621690543,14239.849568543485,305.226648361946,-0.0007709407484557744
2020-10-01,14900.833761257189,14532.226204286484,368.60755697070454,0.0
2020-10-02,14838.556897755334,14532.226204286484,306.33069346884986,-0.004179421400148575
2020-10-05,14928.093952543702,14532.226204286484,395.8677482572184,0.0
2020-10-06,14901.731436972575,14532.226204286484,369.5052326860914,-0.0017659666166982364
2020-10-07,14900.381865234982,14532.226204286484,368.1556609484978,-0.0018563714427854688
2020-10-08,14955.921186517915,14532.226204286484,423.6949822314309,0.0
2020-10-09,15055.81495771621,14532.226204286484,523.5887534297253,0.0
2020-10-12,15131.805894239646,14532.226204286484,599.5796899531615,0.0
2020-10-13,15122.739897012178,14532.226204286484,590.5136927256935,-0.0005991351786318638
2020-10-14,15478.958482603746,14876.456207643418,602.5022749603286,0.0
2020-10-15,15414.75719902085,14876.456207643418,538.3009913774331,-0.004147648800469943
2020-10-16,15465.13532589694,14876.456207643418,588.6791182535217,-0.0008930288638180837
2020-10-19,15416.478696371047,14876.456207643418,540.022488727629,-0.004036433478577927
2020-10-20,15321.669721854603,14876.456207643418,445.2135142111856,-0.010161456336090974
2020-10-21,15250.915311104622,14876.456207643418,374.459103461204,-0.014732462249021097
2020-10-22,15241.91741401637,14876.456207643418,365.4612063729528,-0.015313760861480303
2020-10-23,15280.489280021786,14876.456207643418,404.03307237836816,-0.012821870593232285
2020-10-26,15153.902885867165,14876.456207643418,277.44667822374686,-0.020999836461988074
2020-10-27,15483.277409983737,15185.690208683474,297.5872013002627,0.0
2020-10-28,15302.885384679996,15185.690208683474,117.19517599652136,-0.011650764920573157
2020-10-29,15328.846803760294,15185.690208683474,143.15659507681994,-0.009974025662284182
2020-10-30,15325.796796571894,15185.690208683474,140.1065878884201,-0.010171012844496207
2020-11-02,15470.483208924821,15185.690208683474,284.7930002413468,-0.0008263238279684933
2020-11-03,15603.372920122349,15185.690208683474,417.6827114388743,0.0
2020-11-04,15770.396927655202,15185.690208683474,584.7067189717272,0.0
2020-11-05,15882.662594508174,15185.690208683474,696.9723858246998,0.0
2020-11-06,15845.160137926825,15185.690208683474,659.4699292433506,-0.002361219748779187
2020-11-09,16180.864845215125,15494.939890557762,685.9249546573628,0.0
2020-11-10,16155.568762475603,15494.939890557762,660.628871917841,-0.0015633331704764941
2020-11-11,16260.746049086472,15494.939890557762,765.8061585287105,0.0
2020-11-12,16277.941849668206,15494.939890557762,783.0019591104447,0.0
2020-11-13,16232.820465676163,15494.939890557762,737.8805751184009,-0.002771934216791878
2020-11-16,16371.798515818027,15494.939890557762,876.8586252602654,0.0
2020-11-17,16328.168424631393,15494.939890557762,833.2285340736307,-0.0026649540760277715
2020-11-18,16350.233716992561,15494.939890557762,855.2938264347995,-0.0013171918042254513
2020-11-19,16264.846121644372,15494.939890557762,769.9062310866102,-0.006532721134475264
2020-11-20,16299.40222487899,15494.939890557762,804.4623343212279,-0.004422012087987156
2020-11-23,16493.362852739425,15743.44444725108,749.9184054883444,0.0
2020-11-24,16582.310349074203,15743.44444725108,838.8659018231228,0.0
2020-11-25,16877.179594638517,16090.742451401471,786.4371432370463,0.0
2020-11-26,16894.525821482544,16090.742451401471,803.7833700810734,0.0
2020-11-27,16870.763575613022,16090.742451401471,780.0211242115511,-0.001406505640975551
2020-11-30,16685.895519480673,16090.742451401471,595.1530680792021,-0.012348988317658707
2020-12-01,16847.72014567201,16090.742451401471,756.9776942705394,-0.0027704640133206578
2020-12-02,16765.69905501463,16090.742451401471,674.9566036131582,-0.0076253555636408045
2020-12-03,16731.35160308688,16090.742451401471,640.6091516854103,-0.0096584077067245
2020-12-04,16788.070518542674,16090.742451401471,697.3280671412031,-0.006301171401005236
2020-12-07,16866.43224407408,16090.742451401471,775.6897926726087,-0.0016628804919012123
2020-12-08,16883.632375137367,16090.742451401471,792.8899237358964,-0.0006447914821808828
2020-12-09,16864.962513592458,16090.742451401471,774.2200621909869,-0.001749874971483051
2020-12-10,16835.63579485655,16090.742451401471,744.8933434550781,-0.0034857460486468666
2020-12-11,16741.30528686726,16090.742451401471,650.5628354657892,-0.009069241494807374
2020-12-14,16761.60566015806,16090.742451401471,670.8632087565893,-0.0078676467590151
2020-12-15,17004.80453251822,16339.5237552427,665.2807772755204,0.0
2020-12-16,17415.463173767515,16653.909386863113,761.5537869044019,0.0
2020-12-17,17461.491552961194,16653.909386863113,807.58216609808,0.0
2020-12-18,17415.24951045175,16653.909386863113,761.3401235886377,-0.0026482298129680954
2020-12-21,17300.027838693575,16653.909386863113,646.1184518304617,-0.00924684548154975
2020-12-22,17347.06799756509,16653.909386863113,693.1586107019757,-0.006552908441358202
2020-12-23,17392.385887488388,16653.909386863113,738.4765006252746,-0.003957603808540982
2020-12-24,17426.054092650003,16653.909386863113,772.14470578689,-0.0020294635314347157
2020-12-28,17456.670067076273,16653.909386863113,802.7606802131595,-0.00027612107879197186
2020-12-29,17833.97035414238,17005.017388572098,828.9529655702827,0.0
2020-12-30,17815.052827805997,17005.017388572098,810.0354392338995,-0.0010607579782137015
2020-12-31,17819.40019506588,17005.017388572098,814.3828064937807,-0.0008169890824741527
2021-01-04,17952.32075938971,17005.017388572098,947.3033708176117,0.0
2021-01-05,17938.880403650845,17005.017388572098,933.8630150787467,-0.0007486695407798598
2021-01-06,18306.454340137367,17359.927384604813,946.526955532554,0.0
2021-01-07,18342.258812091368,17359.927384604813,982.3314274865552,0.0
2021-01-08,18370.354055359665,17359.927384604813,1010.4266707548522,0.0
2021-01-11,18412.047809993383,17359.927384604813,1052.1204253885699,0.0
2021-01-12,18408.76215483229,17359.927384604813,1048.8347702274768,-0.00017845137026581504
2021-01-13,18482.059304545084,17359.927384604813,1122.1319199402715,0.0
2021-01-14,18544.061746354124,17359.927384604813,1184.1343617493112,0.0
2021-01-15,18451.783437032296,17359.927384604813,1091.8560524274835,-0.0049761649084225125
2021-01-18,18504.16187612903,17359.927384604813,1144.2344915242174,-0.0021516251817344343
2021-01-19,18524.00167652712,17359.927384604813,1164.0742919223085,-0.0010817516734674736
2021-01-20,18664.54392925263,17359.927384604813,1304.616544647819,0.0
2021-01-21,18674.730409034342,17359.927384604813,1314.8030244295296,0.0
2021-01-22,18575.19176533745,17359.927384604813,1215.2643807326385,-0.005330124800555992
2021-01-25,18551.34713498948,17359.927384604813,1191.4197503846663,-0.006606964135084584
2021-01-26,18604.573626921338,17359.927384604813,1244.6462423165249,-0.00375677616631428
2021-01-27,18473.00130313512,17359.927384604813,1113.0739185303064,-0.01080224996456345
2021-01-28,19046.236133233215,17903.926702332035,1142.3094309011794,0.0
2021-01-29,18857.942406538088,17903.926702332035,954.0157042060528,-0.009886138414853448
2021-02-01,18973.82836180395,17903.926702332035,1069.9016594719142,-0.0038016840137208574
2021-02-02,19177.8372081428,17903.926702332035,1273.9105058107634,0.0
2021-02-03,19209.736845883137,17903.926702332035,1305.8101435511016,0.0
2021-02-04,19166.04231266123,17903.926702332035,1262.1156103291942,-0.002274603424943414
2021-02-05,19330.621544775306,17903.926702332035,1426.6948424432703,0.0
2021-02-08,19356.270307992785,17903.926702332035,1452.3436056607497,0.0
2021-02-09,19373.701081810133,17903.926702332035,1469.7743794780981,0.0
2021-02-10,19320.367830676536,17903.926702332035,1416.4411283445006,-0.002752868484363673
2021-02-11,19669.950016256702,18192.844944195975,1477.1050720607273,0.0
2021-02-12,19648.992280549428,18192.844944195975,1456.1473363534533,-0.0010654696981920618
2021-02-15,19740.72621408761,18192.844944195975,1547.8812698916336,0.0
2021-02-16,19666.566775127612,18192.844944195975,1473.7218309316377,-0.0037566722802261127
2021-02-17,19583.55394729801,18192.844944195975,1390.7090031020343,-0.007961828003948311
2021-02-18,19800.095256512035,18451.695952421265,1348.3993040907699,0.0
2021-02-19,19860.805518371584,18451.695952421265,1409.109565950319,0.0
2021-02-22,20125.372326841785,18813.975951200562,1311.3963756412231,0.0
2021-02-23,19996.335664333194,18813.975951200562,1182.3597131326314,-0.006411641007828302
2021-02-24,20076.57486773602,18813.975951200562,1262.5989165354586,-0.00242467360669308
2021-02-25,19921.029495014573,18813.975951200562,1107.0535438140105,-0.01015349323772136
2021-02-26,19668.728807065658,18813.975951200562,854.7528558650956,-0.022689941451025427
2021-03-01,19965.73738939549,18813.975951200562,1151.761438194928,-0.007932024056687166
2021-03-02,19936.822965127405,18813.975951200562,1122.847013926843,-0.00936873905497423
2021-03-03,19855.974070629032,18813.975951200562,1041.99811942847,-0.013386001105353408
2021-03-04,19782.2234235827,18813.975951200562,968.2474723821397,-0.017050561733032682
2021-03-05,19670.336408137024,18813.975951200562,856.3604569364616,-0.0226100621302726
2021-03-08,20268.84342099682,19172.685950285035,1096.157470711787,0.0
2021-03-09,20467.42247359243,19172.685950285035,1294.7365233073942,0.0
2021-03-10,20474.910095773703,19172.685950285035,1302.224145488668,0.0
2021-03-11,20874.190641302444,19461.400316962376,1412.7903243400688,0.0
2021-03-12,20738.698569764496,19461.400316962376,1277.2982528021203,-0.006490889820171465
2021-03-15,21118.766316786878,19747.772674464533,1370.9936423223444,0.0
2021-03-16,21234.179967379096,19747.772674464533,1486.4072929145623,0.0
2021-03-17,21157.90470999037,19747.772674464533,1410.1320355258358,-0.003592098094011822
2021-03-18,21145.475256315018,19747.772674464533,1397.7025818504844,-0.004177449338771265
2021-03-19,21142.641509540535,19747.772674464533,1394.8688350760021,-0.004310901479557282
2021-03-22,21172.979803926057,19747.772674464533,1425.2071294615234,-0.0028821533747503923
2021-03-23,21120.07440785705,19747.772674464533,1372.3017333925163,-0.005373673939720773
2021-03-24,21160.483753038883,19747.772674464533,1412.7110785743498,-0.0034706409408523384
2021-03-25,21116.32923388898,19747.772674464533,1368.5565594244472,-0.005550048726683239
2021-03-26,21267.847569173966,19747.772674464533,1520.0748947094326,0.0
2021-03-29,21257.753263407198,19747.772674464533,1509.9805889426643,-0.0004746275209062112
2021-03-30,21261.672110145926,19747.772674464533,1513.8994356813928,-0.00029036596242069175
2021-03-31,21382.102008817517,19747.772674464533,1634.329334352984,0.0
2021-04-01,21519.85609395065,19747.772674464533,1772.0834194861163,0.0
2021-04-05,21519.85609395065,19747.772674464533,1772.0834194861163,0.0
2021-04-06,21623.24709441045,19747.772674464533,1875.4744199459165,0.0
2021-04-07,21470.13345294415,19747.772674464533,1722.360778479615,-0.0070809735835595635
2021-04-08,21531.491091206124,19747.772674464533,1783.7184167415908,-0.00424339613767094
2021-04-09,21470.597775698694,19747.772674464533,1722.8251012341607,-0.007059500270485056
2021-04-12,21802.21067133391,20120.620666407893,1681.5900049260163,0.0
2021-04-13,21859.853621522263,20120.620666407893,1739.2329551143703,0.0
2021-04-14,22136.918600273963,20439.910554194736,1697.008046079227,0.0
2021-04-15,22259.895761216936,20439.910554194736,1819.9852070222005,0.0
2021-04-16,22326.249190558214,20439.910554194736,1886.3386363634781,0.0
2021-04-19,22243.311304172716,20439.910554194736,1803.40074997798,-0.0037148150447309626
2021-04-20,22102.131741185865,20439.910554194736,1662.2211869911298,-0.010038293824433697
2021-04-21,22219.551394520826,20439.910554194736,1779.6408403260903,-0.004779029165477131
2021-04-22,22282.17125126258,20439.910554194736,1842.2606970678462,-0.001974265310729961
2021-04-23,22231.837791280388,20439.910554194736,1791.9272370856525,-0.0042287174380259245
2021-04-26,22450.783744984245,20705.51671313695,1745.2670318472956,0.0
2021-04-27,22452.635307319757,20705.51671313695,1747.118594182808,0.0
2021-04-28,22435.647678069166,20705.51671313695,1730.1309649322175,-0.0007565984579570678
2021-04-29,22357.302174634628,20705.51671313695,1651.7854614976786,-0.004245966292163929
2021-04-30,22378.45070353496,20705.51671313695,1672.9339903980108,-0.0033040488463557944
2021-05-03,22410.41652384746,20705.51671313695,1704.8998107105108,-0.0018803486937915713
2021-05-04,22345.94815426937,20705.51671313695,1640.4314411324194,-0.004751653941290697
2021-05-05,22536.845215194822,20705.51671313695,1831.3285020578733,0.0
2021-05-06,22593.937003262232,20705.51671313695,1888.420290125283,0.0
2021-05-07,22660.305675168223,20705.51671313695,1954.7889620312744,0.0
2021-05-10,22562.079853188894,20705.51671313695,1856.563140051945,-0.004334708603995923
2021-05-11,22382.172954514004,20705.51671313695,1676.6562413770553,-0.012274005683824668
2021-05-12,22258.68695398552,20705.51671313695,1553.1702408485726,-0.017723446759273266
2021-05-13,22324.539078034173,20705.51671313695,1619.0223648972242,-0.014817390460093942
2021-05-14,22479.588599877465,20705.51671313695,1774.0718867405158,-0.00797505019929159
2021-05-17,22689.044124030657,20971.866747613363,1717.177376417294,0.0
2021-05-18,23102.943704203837,21347.164736504965,1755.7789676988723,0.0
2021-05-19,22897.13613603978,21347.164736504965,1549.9713995348138,-0.008908283325237446
2021-05-20,23106.39298764185,21347.164736504965,1759.2282511368867,0.0
2021-05-21,23126.01131084861,21347.164736504965,1778.8465743436464,0.0
2021-05-24,23198.712036368714,21347.164736504965,1851.5472998637488,0.0
2021-05-25,23214.486143909646,21347.164736504965,1867.321407404681,0.0
2021-05-26,23249.849969970935,21347.164736504965,1902.6852334659707,0.0
2021-05-27,23598.59842448798,21665.97064556646,1932.62777892152,0.0
2021-05-28,23706.324214501947,21665.97064556646,2040.3535689354867,0.0
2021-05-31,23665.654391809076,21665.97064556646,1999.6837462426156,-0.0017155684839572055
2021-06-01,23677.329656316982,21665.97064556646,2011.3590107505224,-0.0012230727093164163
2021-06-02,23715.605486771135,21665.97064556646,2049.6348412046755,0.0
2021-06-03,23652.78029285356,21665.97064556646,1986.8096472871002,-0.0026491077342562443
2021-06-04,23821.410726614104,21665.97064556646,2155.4400810476436,0.0
2021-06-07,23779.327895309616,21665.97064556646,2113.357249743156,-0.0017665969403512795
2021-06-08,23768.77474132885,21665.97064556646,2102.804095762389,-0.0022096082339257924
2021-06-09,23817.96775029809,21665.97064556646,2151.9971047316285,-0.00014453284717384548
2021-06-10,23828.427554044953,21665.97064556646,2162.4569084784926,0.0
2021-06-11,24220.14697419439,21988.845769138417,2231.3012050559737,0.0
2021-06-14,24235.629236315825,21988.845769138417,2246.783467177407,0.0
2021-06-15,24200.267055771325,21988.845769138417,2211.421286632907,-0.001459098924137345
2021-06-16,24205.93725546661,21988.845769138417,2217.091486328194,-0.0012251376087533603
2021-06-17,24188.36122186804,21988.845769138417,2199.5154527296218,-0.0019503522680136044
2021-06-18,24553.5443951663,22371.785756321035,2181.7586388452655,0.0
2021-06-21,24590.526079415413,22371.785756321035,2218.7403230943783,0.0
2021-06-22,24629.196277593546,22371.785756321035,2257.4105212725117,0.0
2021-06-23,24617.650883084145,22371.785756321035,2245.8651267631103,-0.00046876862644132725
2021-06-24,24709.406720927796,22371.785756321035,2337.620964606762,0.0
2021-06-25,24722.78073805516,22371.785756321035,2350.9949817341258,0.0
2021-06-28,24691.88827040364,22371.785756321035,2320.102514082606,-0.0012495547316798321
2021-06-29,24710.554817692682,22371.785756321035,2338.7690613716477,-0.0004945204381341702
2021-06-30,25042.882098122172,22673.81341990213,2369.068678220043,0.0
2021-07-01,25434.18641960741,22994.18069894405,2440.005720663361,0.0
2021-07-02,25518.97682170755,22994.18069894405,2524.7961227635024,0.0
2021-07-05,25580.50547866756,22994.18069894405,2586.3247797235126,0.0
2021-07-06,25590.69378778488,22994.18069894405,2596.513088840831,0.0
2021-07-07,25991.238125434626,23291.676701141314,2699.5614242933116,0.0
2021-07-08,25820.935385681816,23291.676701141314,2529.258684540502,-0.006552313473137465
2021-07-09,25928.02389404862,23291.676701141314,2636.3471929073057,-0.002432136209938586
2021-07-12,25963.81434653889,23291.676701141314,2672.1376453975754,-0.0010551162958604766
2021-07-13,26069.0848926888,23291.676701141314,2777.4081915474853,0.0
2021-07-14,26121.6364594685,23291.676701141314,2829.959758327186,0.0
2021-07-15,26034.432308451487,23291.676701141314,2742.755607310173,-0.0033383877442871076
2021-07-16,25975.387816517905,23291.676701141314,2683.711115376591,-0.005598755008229334
2021-07-19,25701.45106146014,23291.676701141314,2409.7743603188246,-0.016085722602423472
2021-07-20,26120.05582797558,23567.665009116397,2552.3908188591813,-6.05104314721615e-05
2021-07-21,26183.738068543116,23567.665009116397,2616.073059426719,0.0
2021-07-22,26279.501511899238,23567.665009116397,2711.8365027828404,0.0
2021-07-23,26424.05887327255,23567.665009116397,2856.393864156151,0.0
2021-07-26,26358.921727970428,23567.665009116397,2791.2567188540306,-0.002465069640304398
2021-07-27,26200.590896144568,23567.665009116397,2632.92588702817,-0.008456989071955728
2021-07-28,26329.41500352871,23567.665009116397,2761.749994412312,-0.003581730959567662
2021-07-29,26421.5401927807,23567.665009116397,2853.8751836643023,-9.53176990684084e-05
2021-07-30,26302.920243094126,23567.665009116397,2735.2552339777285,-0.004584406610634365
2021-08-02,26372.13721785528,23567.665009116397,2804.4722087388836,-0.001964938682065418
2021-08-03,26587.19886416193,23845.61194141072,2741.5869227512085,0.0
2021-08-04,26665.622221443427,23845.61194141072,2820.0102800327077,0.0
2021-08-05,26747.759803894463,23845.61194141072,2902.1478624837437,0.0
2021-08-06,26674.06798918774,23845.61194141072,2828.456047777021,-0.002755064919343008
2021-08-09,26686.465971544698,23845.61194141072,2840.854030133978,-0.0022915501260349
2021-08-10,26717.045512472956,23845.61194141072,2871.4335710622363,-0.0011482939747737447
2021-08-11,26795.70202682948,23845.61194141072,2950.0900854187603,0.0
2021-08-12,26800.764100181066,23845.61194141072,2955.1521587703464,0.0
2021-08-13,26853.29511150884,23845.61194141072,3007.68317009812,0.0
2021-08-16,26781.703857709508,23845.61194141072,2936.0919162987884,-0.002666013742523875
2021-08-17,26795.76891267094,23845.61194141072,2950.1569712602213,-0.002142239847997058
2021-08-18,27113.142363282448,24140.023905026006,2973.118458256442,0.0
2021-08-19,26974.0426690412,24140.023905026006,2834.0187640151926,-0.005130342045104406
2021-08-20,27035.28092623799,24140.023905026006,2895.2570212119826,-0.002871723092853374
2021-08-23,27449.78860113841,24441.495905148076,3008.2926959903343,0.0
2021-08-24,27514.546684999987,24441.495905148076,3073.05077985191,0.0
2021-08-25,27447.33378454846,24441.495905148076,3005.837879400384,-0.0024428132951275767
2021-08-26,27393.03152536848,24441.495905148076,2951.535620220402,-0.004416396934417028
2021-08-27,27482.913815441098,24441.495905148076,3041.417910293021,-0.001149678020177387
2021-08-30,27517.915814342465,24441.495905148076,3076.4199091943883,0.0
2021-08-31,27538.151505517097,24441.495905148076,3096.6556003690202,0.0
2021-09-01,27546.500768186743,24441.495905148076,3105.0048630386664,0.0
2021-09-02,27536.62017370899,24441.495905148076,3095.124268560914,-0.00035868782611994546
2021-09-03,27547.36390490267,24441.495905148076,3105.867999754595,0.0
2021-09-06,27629.91835570774,24441.495905148076,3188.422450559665,0.0
2021-09-07,27468.36636079238,24441.495905148076,3026.8704556443045,-0.005846995015893244
2021-09-08,27395.042607104046,24441.495905148076,2953.546701955969,-0.008500776063827039
2021-09-09,27442.872661549103,24441.495905148076,3001.376756401027,-0.0067696795824949835
2021-09-10,27430.172335848707,24441.495905148076,2988.6764307006306,-0.007229338041738045
2021-09-13,27417.219216563775,24441.495905148076,2975.723311415699,-0.007698145771032544
2021-09-14,27440.33321150187,24441.495905148076,2998.8373063537947,-0.006861589012502673
2021-09-15,27351.767025247882,24441.495905148076,2910.2711200998056,-0.010067034106975539
2021-09-16,27273.01777527195,24441.495905148076,2831.5218701238737,-0.012917178250078444
2021-09-17,27253.857710639437,24441.495905148076,2812.3618054913604,-0.013610631787864784
2021-09-20,27599.4427971031,25011.207792804136,2588.2350042989638,-0.0011029912652038537
2021-09-21,28118.029319342,25405.49778609027,2712.531533251731,0.0
2021-09-22,28212.681602058437,25405.49778609027,2807.1838159681683,0.0
2021-09-23,28240.535977228807,25405.49778609027,2835.0381911385375,0.0
2021-09-24,28172.28180241215,25405.49778609027,2766.7840163218825,-0.002416886665029672
2021-09-27,28175.47147158377,25405.49778609027,2769.9736854935,-0.0023039401836247387
2021-09-28,27930.442316754514,25405.49778609027,2524.9445306642447,-0.010980445297650536
2021-09-29,27925.773761182438,25405.49778609027,2520.2759750921687,-0.011145759283753364
2021-09-30,28018.588144547153,25405.49778609027,2613.090358456884,-0.007859193354567228
2021-10-01,28003.233973347407,25405.49778609027,2597.736187257138,-0.008402885981793796
2021-10-04,27849.994465002426,25405.49778609027,2444.496678912157,-0.013829111194677241
2021-10-05,28074.17449289975,25405.49778609027,2668.6767068094814,-0.005890875600349738
2021-10-06,28365.29587754475,25797.87977461566,2567.4161029290917,0.0
2021-10-07,28735.18984959619,25797.87977461566,2937.3100749805308,0.0
2021-10-08,28658.718814806838,25797.87977461566,2860.8390401911784,-0.0026612329756515265
2021-10-11,28675.502695510135,25797.87977461566,2877.622920894475,-0.002077144936172901
2021-10-12,28576.797092934226,25797.87977461566,2778.9173183185667,-0.005512152781694252
2021-10-13,28682.973253241264,25797.87977461566,2885.093478625604,-0.0018171655252056972
2021-10-14,29496.875494873508,26404.083054220773,3092.7924406527345,0.0
2021-10-15,29546.805850909135,26404.083054220773,3142.722796688362,0.0
2021-10-18,29581.238562095765,26404.083054220773,3177.1555078749916,0.0
2021-10-19,29614.92013523697,26404.083054220773,3210.8370810161978,0.0
2021-10-20,29708.089754058496,26404.083054220773,3304.0066998377224,0.0
2021-10-21,29623.21720573622,26404.083054220773,3219.1341515154454,-0.002856883395226795
2021-10-22,29721.64532862414,26404.083054220773,3317.562274403368,0.0
2021-10-25,29830.35236490961,26404.083054220773,3426.2693106888364,0.0
2021-10-26,29905.242788021296,26404.083054220773,3501.159733800523,0.0
2021-10-27,29900.825368632366,26404.083054220773,3496.742314411593,-0.00014771387813977905
2021-10-28,29869.521559406858,26404.083054220773,3465.4385051860845,-0.0011944804751341767
2021-10-29,29790.19095763482,26404.083054220773,3386.1079034140457,-0.0038472127179172075
2021-11-01,30005.752282044035,26404.083054220773,3601.669227823262,0.0
2021-11-02,30199.134351002154,26629.38406102891,3569.7502899732426,0.0
2021-11-03,30425.828342605593,26950.381418860707,3475.4469237448866,0.0
2021-11-04,30708.03093517015,26950.381418860707,3757.649516309444,0.0
2021-11-05,30860.832116809972,26950.381418860707,3910.4506979492653,0.0
2021-11-08,30833.036846936397,26950.381418860707,3882.65542807569,-0.0009006649518836258
2021-11-09,30822.229695073347,26950.381418860707,3871.8482762126405,-0.0012508548567489203
2021-11-10,30926.605389979275,26950.381418860707,3976.2239711185684,0.0
2021-11-11,31033.97510100211,26950.381418860707,4083.5936821414034,0.0
2021-11-12,31153.732965538336,26950.381418860707,4203.35154667763,0.0
2021-11-15,31249.875108631106,26950.381418860707,4299.493689770399,0.0
2021-11-16,31438.418946868824,26950.381418860707,4488.037528008117,0.0
2021-11-17,31821.29734145046,27273.651415503773,4547.6459259466865,0.0
2021-11-18,31794.18429299891,27273.651415503773,4520.532877495138,-0.0008520409510843963
2021-11-19,31784.279971730182,27273.651415503773,4510.628556226409,-0.0011632891432134772
2021-11-22,31800.55771386274,27273.651415503773,4526.906298358968,-0.0006517530497005434
2021-11-23,31494.207249421383,27273.651415503773,4220.55583391761,-0.01027896784091857
2021-11-24,31608.646891279997,27273.651415503773,4334.995475776224,-0.006682645521603653
2021-11-25,31719.72944957614,27273.651415503773,4446.078034072369,-0.0031918212128333122
2021-11-26,31178.02933792834,27273.651415503773,3904.3779224245663,-0.020215015013991856
2021-11-29,31219.399775030754,27273.651415503773,3945.7483595269805,-0.01891492857633034
2021-11-30,30988.303983552778,27273.651415503773,3714.652568049005,-0.02617722806708523
2021-12-01,31155.686939208543,27273.651415503773,3882.0355237047697,-0.02091713593885727
2021-12-02,30855.100466475033,27273.651415503773,3581.4490509712596,-0.03036321444119306
2021-12-03,30880.714359127098,27273.651415503773,3607.062943623325,-0.029558285202223894
2021-12-06,31022.57352427388,27273.651415503773,3748.922108770108,-0.025100290808576176
2021-12-07,31498.495642343896,27273.651415503773,4224.844226840123,-0.010144202973336397
2021-12-08,31389.401443388884,27273.651415503773,4115.750027885111,-0.013572542106854555
2021-12-09,31269.787384947245,27273.651415503773,3996.1359694434723,-0.017331473025294183
2021-12-10,31309.77334275943,27273.651415503773,4036.1219272556555,-0.016074894533753634
2021-12-13,31271.014792433027,27273.651415503773,3997.3633769292537,-0.017292901138277417
2021-12-14,31291.190794049304,27501.34699262496,3789.843801424344,-0.016658860313361213
2021-12-15,31307.451205481408,27501.34699262496,3806.1042128564477,-0.016147868845677617
2021-12-16,31613.7667545599,27501.34699262496,4112.41976193494,-0.00652175128699829
2021-12-17,31474.646191160413,27501.34699262496,3973.299198535453,-0.01089368376689339
2021-12-20,31162.753298366646,27501.34699262496,3661.406305741686,-0.020695072109017793
2021-12-21,31295.963248818247,27501.34699262496,3794.616256193287,-0.016508883562956177
2021-12-22,31837.194949265086,27824.275142003557,4012.919807261529,0.0
2021-12-23,32001.44293772795,27824.275142003557,4177.167795724392,0.0
2021-12-24,32044.822874487483,27824.275142003557,4220.547732483927,0.0
2021-12-27,32106.887911261165,27824.275142003557,4282.612769257608,0.0
2021-12-28,32159.25809329852,27824.275142003557,4334.982951294962,0.0
2021-12-29,32446.930699107183,28143.125140477678,4303.805558629505,0.0
2021-12-30,32495.449762459146,28143.125140477678,4352.324621981468,0.0
2021-12-31,32555.865414471104,28143.125140477678,4412.740273993426,0.0
2022-01-03,32568.710762829258,28143.125140477678,4425.58562235158,0.0
2022-01-04,32606.019212433283,28143.125140477678,4462.894071955605,0.0
2022-01-05,32648.422958940973,28143.125140477678,4505.297818463296,0.0
2022-01-06,32230.736101791546,28143.125140477678,4087.6109613138688,-0.012793477273763412
2022-01-07,32348.379205213223,28373.75793406953,3974.621271143693,-0.009190145389414022
2022-01-10,32100.234146773764,28373.75793406953,3726.476212704234,-0.016790667434583826
2022-01-11,32434.724115344114,28373.75793406953,4060.9661812745835,-0.006545456846893026
2022-01-12,32545.2266796173,28373.75793406953,4171.468745547769,-0.0031608350410509936
2022-01-13,32397.739874455452,28373.75793406953,4023.981940385922,-0.007678260135283813
2022-01-14,32149.886564244734,28373.75793406953,3776.1286301752043,-0.015269846121609117
2022-01-17,32288.20115205202,28373.75793406953,3914.4432179824908,-0.011033360090377763
2022-01-18,32044.666155456107,28373.75793406953,3670.9082213865768,-0.018492678934114454
2022-01-19,32177.418830584335,28373.75793406953,3803.6608965148043,-0.014426550677470056
2022-01-20,32314.727989448344,28373.75793406953,3940.9700553788134,-0.010220860282050631
2022-01-21,32294.23181114909,28685.387931322948,3608.8438798261413,-0.010848644917315567
2022-01-24,31572.686231764434,28685.387931322948,2887.2983004414855,-0.03294911758921398
2022-01-25,31729.469305689145,28685.387931322948,3044.0813743661965,-0.02814695381787706
2022-01-26,32020.10152245706,28685.387931322948,3334.71359113411,-0.019245077695608733
2022-01-27,32331.962407279105,29006.96318455714,3324.9992227219664,-0.009692981252413108
2022-01-28,32204.420226649403,29006.96318455714,3197.4570420922646,-0.013599515445200926
2022-01-31,32550.781179966296,29006.96318455714,3543.8179954091574,-0.0029907043013217773
2022-02-01,32618.16291209808,29006.96318455714,3611.1997275409412,-0.0009268455900901866
2022-02-02,32656.3248333846,29006.96318455714,3649.36164882746,0.0
2022-02-03,32615.147953664346,29298.59508923533,3316.552864429017,-0.0012609159153805906
2022-02-04,32218.37434270995,29298.59508923533,2919.7792534746222,-0.013410893384638635
2022-02-07,32254.818946137442,29298.59508923533,2956.2238569021138,-0.01229488894710823
2022-02-08,32665.091955714175,29615.36633734175,3049.725618372424,0.0
2022-02-09,32985.90056215637,29615.36633734175,3370.534224814619,0.0
2022-02-10,32867.13439976058,29615.36633734175,3251.768062418829,-0.003600512957710381
2022-02-11,32733.069578227747,29615.36633734175,3117.703240885996,-0.007664819805425826
2022-02-14,32722.336540242133,29615.36633734175,3106.970202900382,-0.007990202402314133
2022-02-15,32925.06579412501,29615.36633734175,3309.699456783259,-0.0018442657921898217
2022-02-16,33138.54465457038,29926.906345886673,3211.6383086837086,0.0
2022-02-17,33178.19846268561,29926.906345886673,3251.2921167989334,0.0
2022-02-18,33010.36744021866,29926.906345886673,3083.461094331986,-0.005058473040834374
2022-02-21,32906.986317842224,29926.906345886673,2980.0799719555507,-0.008174408419082966
2022-02-22,32951.205805023696,29926.906345886673,3024.2994591370225,-0.00684162094928698
2022-02-23,32834.90730107543,29926.906345886673,2908.000955188756,-0.010346889750396342
2022-02-24,32607.22766493219,29926.906345886673,2680.321319045517,-0.017209216419498116
2022-02-25,33091.73502192349,29926.906345886673,3164.8286760368137,-0.002606031815119866
2022-02-28,33285.718635496065,29926.906345886673,3358.812289609392,0.0
2022-03-01,33305.91202624187,29926.906345886673,3379.0056803551997,0.0
2022-03-02,33457.66561811864,29926.906345886673,3530.7592722319678,0.0
2022-03-03,33485.20799548921,29926.906345886673,3558.3016496025375,0.0
2022-03-04,33474.046219716605,29926.906345886673,3547.139873829932,-0.0003333345211446477
2022-03-07,33908.41978276506,30187.956455091367,3720.4633276736895,0.0
2022-03-08,33765.51837682991,30187.956455091367,3577.561921738543,-0.004214333986975719
2022-03-09,33741.527671166725,30187.956455091367,3553.5712160753574,-0.004921848693260542
2022-03-10,33251.46656145382,30187.956455091367,3063.5101063624497,-0.0193743390438134
2022-03-11,33425.38968014155,30187.956455091367,3237.4332250501793,-0.014245137512100292
2022-03-14,33177.2829030209,30187.956455091367,2989.326447929536,-0.021562104174367196
2022-03-15,33146.71306199323,30187.956455091367,2958.7566069018612,-0.022463645479551007
2022-03-16,33453.9606491451,30187.956455091367,3266.0041940537303,-0.013402545342173429
2022-03-17,33641.73361505307,30187.956455091367,3453.777159961701,-0.007864895191829013
2022-03-18,33727.86159292837,30187.956455091367,3539.9051378370023,-0.005324877744036341
2022-03-21,34220.878609971376,30551.866443494688,3669.0121664766884,0.0
2022-03-22,34393.63907087952,30551.866443494688,3841.772627384835,0.0
2022-03-23,34441.604722892786,30551.866443494688,3889.738279398098,0.0
2022-03-24,34853.81343377595,30866.067371535748,3987.7460622401995,0.0
2022-03-25,34830.5079881714,30866.067371535748,3964.4406166356493,-0.0006686627174622295
2022-03-28,34848.2836650977,30866.067371535748,3982.216293561949,-0.00015865605893476751
2022-03-29,34887.057577222564,30866.067371535748,4020.990205686816,0.0
2022-03-30,34763.58843401085,30866.067371535748,3897.5210624751053,-0.0035391102542371607
2022-03-31,34687.46628254453,30866.067371535748,3821.3989110087787,-0.005721069890639001
2022-04-01,34963.33879565109,31167.620959610256,3795.717836040836,0.0
2022-04-04,35242.28756769888,31167.620959610256,4074.6666080886207,0.0
2022-04-05,35312.94935024475,31167.620959610256,4145.328390634495,0.0
2022-04-06,35041.00627263958,31167.620959610256,3873.385313029321,-0.007700944911396624
2022-04-07,35007.36978538961,31167.620959610256,3839.748825779352,-0.008653470482578795
2022-04-08,35313.01474236928,31167.620959610256,4145.393782759027,0.0
2022-04-11,34974.549459341106,31167.620959610256,3806.9284997308496,-0.009584717858203137
2022-04-12,35161.83117300221,31167.620959610256,3994.2102133919543,-0.004281242212539832
2022-04-13,35208.375375241,31167.620959610256,4040.7544156307413,-0.0029631955213027263
2022-04-14,35124.33339712912,31167.620959610256,3956.712437518865,-0.005343110652452403
2022-04-18,35124.33339712912,31167.620959610256,3956.712437518865,-0.005343110652452403
2022-04-19,35411.2922989579,31436.34595426968,3974.946344688222,0.0
2022-04-20,35432.62444024432,31436.34595426968,3996.278485974639,0.0
2022-04-21,35274.570870352625,31436.34595426968,3838.224916082945,-0.004460679173179641
2022-04-22,34827.8904216911,31436.34595426968,3391.544467421423,-0.017067152888239342
2022-04-25,34344.99675002609,31436.34595426968,2908.65079575641,-0.030695657106982546
2022-04-26,34491.56919652713,31436.34595426968,3055.2232422574525,-0.026559004831951914
2022-04-27,34578.78621283,31436.34595426968,3142.4402585603166,-0.024097515803670873
2022-04-28,34797.91967528751,31436.34595426968,3361.5737210178268,-0.017913004610404064
2022-04-29,35288.28640378021,31767.831375796708,3520.4550279834984,-0.004073591463921414
2022-05-02,34992.09650433563,31767.831375796708,3224.2651285389184,-0.012432833945214107
2022-05-03,35344.58211609407,32099.787262641818,3244.794853452251,-0.002484781343214645
2022-05-04,35044.550354916864,32099.787262641818,2944.763092275047,-0.010952451066161521
2022-05-05,35026.236848584456,32099.787262641818,2926.449585942639,-0.011469305423458509
2022-05-06,34748.316317836936,32099.787262641818,2648.5290551951184,-0.019312939225301837
2022-05-09,34171.311700038634,32099.787262641818,2071.524437396816,-0.03559749694332798
2022-05-10,34032.56543380713,32099.787262641818,1932.7781711653151,-0.03951327423680763
2022-05-11,34286.72581673789,32099.787262641818,2186.938554096072,-0.03234021305531406
2022-05-12,34084.04058464783,32099.787262641818,1984.253322006014,-0.038060512787327375
2022-05-13,34612.52626116834,32099.787262641818,2512.7389985265254,-0.023145284664392793
2022-05-16,34784.916760339074,32356.411449652558,2428.505310686516,-0.01827998038919125
2022-05-17,35210.36105983979,32707.611458044892,2502.7496017949015,-0.006272845546040868
2022-05-18,34859.05776277302,32707.611458044892,2151.4463047281315,-0.01618753017966796
2022-05-19,34627.504329386065,32707.611458044892,1919.8928713411733,-0.022722564968791853
2022-05-20,34589.16370277413,32707.611458044892,1881.5522447292387,-0.023804636286331272
2022-05-23,34871.186281720446,32707.611458044892,2163.5748236755535,-0.015845232110049203
2022-05-24,34419.39870272146,32707.611458044892,1711.7872446765687,-0.02859584220840379
2022-05-25,34489.82444902,32707.611458044892,1782.2129909751093,-0.026608246104217075
2022-05-26,34885.32445196195,32707.611458044892,2177.7129939170554,-0.015446216500428036
2022-05-27,35193.03015149096,32707.611458044892,2485.4186934460668,-0.006761968455298201
2022-05-30,35355.71781053729,32707.611458044892,2648.1063524923957,-0.0021705033404096595
2022-05-31,35025.57961436617,32707.611458044892,2317.96815632128,-0.011487854267318291
2022-06-01,34997.19675488881,32707.611458044892,2289.5852968439212,-0.01228889172716621
2022-06-02,35041.35691113881,32707.611458044892,2333.7454530939212,-0.011042578281644434
2022-06-03,34976.39695020131,32707.611458044892,2268.7854921564212,-0.012875915833229197
2022-06-06,35000.942692212535,32707.611458044892,2293.331234167643,-0.012183171719605411
2022-06-07,35073.46182863154,32707.611458044892,2365.850370586646,-0.010136494749873638
2022-06-08,35187.94906982639,32707.611458044892,2480.3376117814987,-0.006905369677895672
2022-06-09,34816.72640453333,32707.611458044892,2109.1149464884365,-0.01738223023105944
2022-06-10,34485.87715853537,32707.611458044892,1778.2657004904759,-0.026719648817027424
2022-06-13,33888.22234638507,32707.611458044892,1180.6108883401757,-0.043587008251782834
2022-06-14,33751.20027082115,32707.611458044892,1043.5888127762591,-0.04745412444000081
2022-06-15,33780.3863376968,32707.611458044892,1072.7748796519081,-0.046630418396863355
2022-06-16,33753.51601593864,33037.02145026291,716.4945656757336,-0.04738876814325238
2022-06-17,33783.18609508923,33037.02145026291,746.16464482632,-0.0465514020260283
2022-06-20,33863.40981855374,33037.02145026291,826.3883682908272,-0.044287281748971175
2022-06-21,33983.05321853842,33037.02145026291,946.0317682755121,-0.0409106365843868
2022-06-22,33975.144524766154,33037.02145026291,938.1230745032444,-0.0411338403096882
2022-06-23,34268.67939414151,33355.143190663206,913.5362034783029,-0.03284952962109132
2022-06-24,34739.23919164177,33355.143190663206,1384.096000978563,-0.019569119125565082
2022-06-27,34926.72326307216,33605.295892306116,1321.4273707660468,-0.014277835332952488
2022-06-28,34824.95075623358,33605.295892306116,1219.6548639274624,-0.0171501178253267
2022-06-29,34769.80147508847,33605.295892306116,1164.5055827823526,-0.018706572703178517
2022-06-30,34708.66658499898,33605.295892306116,1103.3706926928644,-0.020431956895156443
2022-07-01,34840.92855116331,33605.295892306116,1235.6326588571974,-0.016699183264815076
2022-07-04,34907.34384329367,33605.295892306116,1302.0479509875513,-0.014824772515412062
2022-07-05,34726.33180470212,33605.295892306116,1121.0359123960006,-0.019933398857692186
2022-07-06,35132.62679238555,33605.295892306116,1527.3309000794325,-0.008466706957163287
2022-07-07,35583.66910895111,33605.295892306116,1978.3732166449918,0.0
2022-07-08,35774.88668801464,33605.295892306116,2169.590795708522,0.0
2022-07-11,35656.26230151454,33605.295892306116,2050.9664092084204,-0.003315856386481394
2022-07-12,36101.594680739334,33860.26268777915,2241.3319929601857,0.0
2022-07-13,35852.09742771607,33860.26268777915,1991.8347399369231,-0.006910975961856128
2022-07-14,35485.80322303341,33860.26268777915,1625.5405352542584,-0.017057181632878393
2022-07-15,35828.10126338812,33860.26268777915,1967.8385756089701,-0.0075756602933977285
2022-07-18,35797.02448310559,33860.26268777915,1936.7617953264416,-0.008436474907193953
2022-07-19,35796.04445077735,33860.26268777915,1935.7817629982019,-0.008463621417948023
2022-07-20,35848.671046271214,33860.26268777915,1988.4083584920663,-0.007005885382760043
2022-07-21,36025.125391297304,33860.26268777915,2164.862703518156,-0.0021181692974584
2022-07-22,36131.57231810164,33860.26268777915,2271.3096303224884,0.0
2022-07-25,36083.4511042776,33860.26268777915,2223.1884164984513,-0.0013318328192412695
2022-07-26,36341.21853407692,34158.17841715624,2183.0401169206816,0.0
2022-07-27,36744.49428244469,34158.17841715624,2586.315865288452,0.0
2022-07-28,37479.89451499989,34515.633418987294,2964.2610960125967,0.0
2022-07-29,37721.057310405595,34515.633418987294,3205.4238914183006,0.0
2022-08-01,37767.04883378754,34515.633418987294,3251.415414800249,0.0
2022-08-02,37755.24786401831,34515.633418987294,3239.6144450310167,-0.00031246735272242985
2022-08-03,37906.568358719975,34515.633418987294,3390.9349397326805,0.0
2022-08-04,38328.97805374776,34815.96586511729,3513.012188630477,0.0
2022-08-05,37975.67958761049,34815.96586511729,3159.713722493201,-0.009217528983993627
2022-08-08,38305.548855060355,34815.96586511729,3489.5829899430682,-0.0006112659370817158
2022-08-09,38074.443578420396,34815.96586511729,3258.4777133031093,-0.006640784290424864
2022-08-10,38253.23644691184,34815.96586511729,3437.2705817945534,-0.0019760925201217964
2022-08-11,38269.730557818155,34815.96586511729,3453.764692700868,-0.0015457624736701153
2022-08-12,38369.3085970562,34815.96586511729,3553.3427319389157,0.0
2022-08-15,38624.728341790185,34815.96586511729,3808.7624766728986,0.0
2022-08-16,38807.217888070736,34815.96586511729,3991.2520229534493,0.0
2022-08-17,38544.38954583282,34815.96586511729,3728.423680715532,-0.006772666440453856
2022-08-18,38624.76187011434,34815.96586511729,3808.7960049970497,-0.004701600060139488
2022-08-19,38714.737474860405,35084.210871678566,3630.526603181839,-0.0023830724860789154
2022-08-22,38506.93623662349,35084.210871678566,3422.7253649449267,-0.007737778377036127
2022-08-23,38629.698103459195,35084.210871678566,3545.4872317806294,-0.004574401213803835
2022-08-24,38672.3124182491,35084.210871678566,3588.101546570535,-0.003476298409505535
2022-08-25,38746.77009928023,35084.210871678566,3662.5592276016614,-0.0015576429355192239
2022-08-26,38439.6721359156,35084.210871678566,3355.461264237034,-0.009471066779773435
2022-08-29,38259.45279082283,35084.210871678566,3175.2419191442605,-0.01411503135390418
2022-08-30,37672.841613957025,35084.210871678566,2588.6307422784594,-0.02923106411249377
2022-08-31,37757.146404309206,35401.23133042997,2355.9150738792378,-0.027058664364711403
2022-09-01,37289.18714556884,35401.23133042997,1887.95581513887,-0.03911722677158307
2022-09-02,37842.805332213175,35401.23133042997,2441.5740017832068,-0.024851370655818647
2022-09-05,37662.57232670984,35401.23133042997,2261.3409962798687,-0.029495687236903458
2022-09-06,37503.916398851,35401.23133042997,2102.6850684210294,-0.03358399700227857
2022-09-07,37627.625673790084,35401.23133042997,2226.394343360116,-0.030396206645961512
2022-09-08,37941.90931879658,35717.38365786021,2224.525660936364,-0.022297619266856875
2022-09-09,38112.14136518476,35717.38365786021,2394.7577073245484,-0.01791101142294562
2022-09-12,38287.629328410054,35717.38365786021,2570.2456705498407,-0.013388966999883874
2022-09-13,37703.17178982306,35717.38365786021,1985.7881319628505,-0.028449503941045312
2022-09-14,37718.08967248273,35717.38365786021,2000.7060146225194,-0.028065093940238355
2022-09-15,37457.63386557272,35717.38365786021,1740.25020771251,-0.03477662393605578
2022-09-16,37064.5751864412,35717.38365786021,1347.1915285809882,-0.044905118080243
2022-09-19,37082.1551310518,35717.38365786021,1364.771473191584,-0.044452110996321126
2022-09-20,36851.36771583639,35717.38365786021,1133.9840579761803,-0.050399133941409574
2022-09-21,37135.19990202647,35717.38365786021,1417.816244166257,-0.04308523200160249
2022-09-22,36902.75029938038,35717.38365786021,1185.366641520166,-0.04907508686098796
2022-09-23,36562.83643198803,35717.38365786021,845.4527741278143,-0.0578341241197975
2022-09-26,36413.18925478889,35717.38365786021,695.8055969286797,-0.06169029277457591
2022-09-27,36385.551744474375,35717.38365786021,668.1680866141614,-0.06240246725701965
2022-09-28,36850.05440929687,35969.34060598679,880.7138033100782,-0.05043297575257241
2022-09-29,36580.9572622459,36304.29560018845,276.6616620574496,-0.05736717927695566
2022-09-30,36788.51107992074,36304.29560018845,484.21547973228735,-0.052018849018562165
2022-10-03,36957.790810751256,36304.29560018845,653.4952105628035,-0.0476567808249916
2022-10-04,37691.5973136485,36304.29560018845,1387.301713460045,-0.028747759698722914
2022-10-05,37239.27041162127,36304.29560018845,934.9748114328177,-0.04040350124999428
2022-10-06,37476.692895944594,36304.29560018845,1172.3972957561418,-0.03428550317530345
2022-10-07,37092.246148214144,36304.29560018845,787.9505480256921,-0.04419208160716336
2022-10-10,36784.048919420624,36304.29560018845,479.75331923217163,-0.05213383176514775
2022-10-11,37029.91604273362,36552.1942691833,477.72177355031454,-0.045798228836276815
2022-10-12,36786.093443903635,36552.1942691833,233.89917472033267,-0.05208114763589869
2022-10-13,36822.269120427125,36552.1942691833,270.0748512438222,-0.05114895825226834
2022-10-14,36822.505496555656,36552.1942691833,270.31122737235273,-0.05114286721711059
2022-10-17,37102.36706223837,36552.1942691833,550.1727930550696,-0.04393128182364321
2022-10-18,37265.187672683955,36880.12389900561,385.0637736783465,-0.039735654842209096
2022-10-19,37135.27208903916,36880.12389900561,255.14819003354933,-0.043083371857623724
2022-10-20,37337.87944998982,36880.12389900561,457.7555509842132,-0.037862503885716235
2022-10-21,37220.658418627536,36880.12389900561,340.53451962192776,-0.040883102571774556
2022-10-24,37316.211766756314,36880.12389900561,436.0878677507062,-0.03842084546268786
2022-10-25,37532.84899938015,36880.12389900561,652.7251003745405,-0.03283845011425893
2022-10-26,37680.655075103605,36880.12389900561,800.5311760979966,-0.029029723702853602
2022-10-27,37840.483857976375,37221.42390587206,619.0599521043114,-0.024911191337721062
2022-10-28,37985.379405748914,37221.42390587206,763.9554998768508,-0.021177464581259086
2022-10-31,38161.696834298535,37221.42390587206,940.2729284264715,-0.016634046162083506
2022-11-01,38293.640121872566,37221.42390587206,1072.2162160005028,-0.013234078456215305
2022-11-02,38248.98715506785,37221.42390587206,1027.5632491957876,-0.014384714065639946
2022-11-03,37981.89855669415,37221.42390587206,760.4746508220851,-0.02126716049980716
2022-11-04,38416.263838810715,37548.44878298635,867.8150558243651,-0.010074261195111319
2022-11-07,38233.15780956674,37548.44878298635,684.7090265803927,-0.014792611007563575
2022-11-08,38600.38491764228,37548.44878298635,1051.9361346559308,-0.005329755176601701
2022-11-09,38308.5668348036,37548.44878298635,760.1180518172478,-0.01284944091342406
2022-11-10,39052.11141168756,37548.44878298635,1503.6626287012114,0.0
2022-11-11,38987.909028412185,37548.44878298635,1439.4602454258347,-0.001644018234982349
2022-11-14,38902.316424113844,37548.44878298635,1353.8676411274937,-0.003835771797191146
2022-11-15,39067.24531859245,37548.44878298635,1518.7965356061031,0.0
2022-11-16,38866.54751642022,37548.44878298635,1318.0987334338715,-0.005137239662933637
2022-11-17,38622.033468485555,37548.44878298635,1073.584685499205,-0.011396038970145093
2022-11-18,38737.81952530588,37548.44878298635,1189.37074231953,-0.00843227595393823
2022-11-21,38766.338210066075,37548.44878298635,1217.8894270797246,-0.0077022863033338615
2022-11-22,39418.94410876741,37897.75878435964,1521.185324407772,0.0
2022-11-23,39438.32504682861,37897.75878435964,1540.5662624689721,0.0
2022-11-24,39512.95120116482,37897.75878435964,1615.1924168051773,0.0
2022-11-25,39470.27025104495,37897.75878435964,1572.5114666853115,-0.0010801762162125637
2022-11-28,39364.91600070582,37897.75878435964,1467.1572163461824,-0.0037464981976499633
2022-11-29,39291.56134131311,37897.75878435964,1393.8025569534657,-0.0056029694852351404
2022-11-30,39753.455428160836,38186.658698888314,1566.7967292725225,0.0
2022-12-01,40137.6797899371,38186.658698888314,1951.0210910487876,0.0
2022-12-02,39971.211870167725,38186.658698888314,1784.553171279411,-0.004147422587468841
2022-12-05,39738.8925753386,38186.658698888314,1552.2338764502856,-0.009935482486421196
2022-12-06,39516.01141105148,38186.658698888314,1329.3527121631632,-0.015488398485890622
2022-12-07,39450.177652906474,38186.658698888314,1263.51895401816,-0.017128596885238767
2022-12-08,39845.25703436828,38501.17994383294,1344.077090535342,-0.007285492263111148
2022-12-09,39879.388602119485,38501.17994383294,1378.208658286545,-0.006435130011734572
2022-12-12,40066.08772545485,38845.17493895013,1220.9127865047194,-0.001783662255938454
2022-12-13,40553.7423063948,38845.17493895013,1708.5673674446734,0.0
2022-12-14,40350.904342933194,38845.17493895013,1505.7294039830667,-0.0050017076581763895
2022-12-15,39479.192476657605,38845.17493895013,634.0175377074775,-0.02649693391102289
2022-12-16,39256.165422845756,38845.17493895013,410.99048389562813,-0.03199647701426643
2022-12-19,39203.799951131,38845.17493895013,358.6250121808698,-0.033287738159023986
2022-12-20,39167.81176128846,38845.17493895013,322.6368223383324,-0.03417515785929817
2022-12-21,39763.34624811489,39093.82119558984,669.5250525250522,-0.019490089282223323
2022-12-22,39339.20360776272,39093.82119558984,245.38241217288305,-0.02994886857681107
2022-12-23,39355.76396021237,39093.82119558984,261.9427646225304,-0.02954051286146107
2022-12-27,39392.6938765942,39093.82119558984,298.8726810043663,-0.028629871468545464
2022-12-28,39102.31928771307,39093.82119558984,8.498092123234528,-0.035790112974428474
2022-12-29,39346.10919038873,39093.82119558984,252.2879947988913,-0.029778586323355033
2022-12-30,39205.506961684994,39093.82119558984,111.6857660951573,-0.03324564560586083
2023-01-02,39424.62643800335,39093.82119558984,330.8052424135167,-0.02784245803656449
2023-01-03,39655.57974476335,39339.83978138945,315.7399633739042,-0.02214746434115946
2023-01-04,40263.98878826649,39339.83978138945,924.1490068770436,-0.007144926747799027
2023-01-05,40318.31938084459,39680.219793901655,638.0995869429316,-0.005805208401521331
2023-01-06,40773.04504191513,39680.219793901655,1092.825248013476,0.0
2023-01-09,40931.47284157072,39680.219793901655,1251.2530476690663,0.0
2023-01-10,40547.95264547496,39680.219793901655,867.7328515733025,-0.009369811772476802
2023-01-11,40749.959471427406,39680.219793901655,1069.7396775257512,-0.004434567278970889
2023-01-12,40870.323407318574,39680.219793901655,1190.103613416919,-0.0014939465894333245
2023-01-13,40911.51656106677,39680.219793901655,1231.2967671651131,-0.00048755344282860056
2023-01-16,41081.11167142099,39680.219793901655,1400.8918775193379,0.0
2023-01-17,41088.04229000316,39680.219793901655,1407.8224961015076,0.0
2023-01-18,41142.52206959011,39680.219793901655,1462.302275688453,0.0
2023-01-19,40948.66984312527,39680.219793901655,1268.4500492236184,-0.004711724432861581
2023-01-20,41050.81291308643,39680.219793901655,1370.5931191847776,-0.002229060152135418
2023-01-23,41291.54358144144,39680.219793901655,1611.3237875397826,0.0
2023-01-24,41284.74550751847,39680.219793901655,1604.5257136168148,-0.00016463598435257563
2023-01-25,41050.74708374092,39680.219793901655,1370.527289839265,-0.005831617731257305
2023-01-26,41241.09529871866,39680.219793901655,1560.875504817006,-0.001221758218441868
2023-01-27,41461.53112285864,39680.219793901655,1781.3113289569883,0.0
2023-01-30,41618.17173095977,39994.22625337794,1623.9454775818303,0.0
2023-01-31,41648.052908892765,39994.22625337794,1653.826655514822,0.0
2023-02-01,41623.139948469514,39994.22625337794,1628.9136950915708,-0.0005981782744501784
2023-02-02,41915.69388884019,39994.22625337794,1921.4676354622497,0.0
2023-02-03,42078.866952142525,40302.992940475,1775.8740116675253,0.0
2023-02-06,41965.61513176111,40302.992940475,1662.6221912861074,-0.0026914180106185465
2023-02-07,42138.712105927545,40302.992940475,1835.719165452545,0.0
2023-02-08,42084.049488081655,40302.992940475,1781.056547606655,-0.0012972066566363048
2023-02-09,42202.13981892011,40302.992940475,1899.1468784451135,0.0
2023-02-10,41927.62221469305,40302.992940475,1624.6292742180522,-0.006504826660566375
2023-02-13,42103.98601465528,40302.992940475,1800.9930741802818,-0.0023258015988285806
2023-02-14,41933.51829498477,40302.992940475,1630.525354509773,-0.00636511620235218
2023-02-15,42015.55547104437,40302.992940475,1712.5625305693684,-0.004421205860089953
2023-02-16,41970.185406472265,40302.992940475,1667.1924659972647,-0.005496271360720406
2023-02-17,41702.688048674674,40302.992940475,1399.695108199674,-0.01183474990577432
2023-02-20,41793.97629927113,40302.992940475,1490.983358796133,-0.009671630903084972
2023-02-21,41467.852744427546,40302.992940475,1164.859803952546,-0.017399285383234788
2023-02-22,41926.98874571937,40653.28293757583,1273.705808143539,-0.006519837012562773
2023-02-23,41936.94924688107,40653.28293757583,1283.6663093052412,-0.006283818147063523
2023-02-24,41974.25527526744,40940.51397706616,1033.7412982012756,-0.00539983386222776
2023-02-27,42120.206827546084,40940.51397706616,1179.6928504799216,-0.0019414416360304335
2023-02-28,42062.5590472567,40940.51397706616,1122.0450701905356,-0.003307433515511892
2023-03-01,42006.61874977578,40940.51397706616,1066.1047727096156,-0.004632965768638089
2023-03-02,41855.73117146353,40940.51397706616,915.2171943973663,-0.008208319505668344
2023-03-03,42338.9453251263,40940.51397706616,1398.431348060134,0.0
2023-03-06,42494.640748209014,40940.51397706616,1554.1267711428518,0.0
2023-03-07,42055.769392142654,40940.51397706616,1115.2554150764918,-0.010327687170407641
2023-03-08,42476.05260789112,41270.46079356144,1205.5918143296803,-0.0004374231665595884
2023-03-09,42504.31355173618,41270.46079356144,1233.8527581747403,0.0
2023-03-10,42264.15534945516,41270.46079356144,993.6945558937223,-0.005650207760412313
2023-03-13,42091.28622159542,41270.46079356144,820.8254280339825,-0.009717303859948748
2023-03-14,42285.39670343673,41270.46079356144,1014.9359098752902,-0.0051504619180118
2023-03-15,42278.48292782763,41270.46079356144,1008.0221342661898,-0.005313122481878688
2023-03-16,42694.29161702843,41270.46079356144,1423.8308234669894,0.0
2023-03-17,42736.402510376385,41270.46079356144,1465.9417168149448,0.0
2023-03-20,42734.37860113632,41270.46079356144,1463.9178075748787,-4.735796934650097e-05
2023-03-21,42717.17368552802,41270.46079356144,1446.7128919665774,-0.0004499401849207737
2023-03-22,42594.64456293167,41270.46079356144,1324.1837693702328,-0.003317030426468238
2023-03-23,42882.85782703201,41526.5069595141,1356.3508675179037,0.0
2023-03-24,42864.0050879043,41526.5069595141,1337.4981283901943,-0.00043963345921934293
2023-03-27,42926.076112448056,41526.5069595141,1399.5691529339529,0.0
2023-03-28,42845.34332818884,41526.5069595141,1318.8363686747398,-0.0018807399038227378
2023-03-29,43016.17597890387,41526.5069595141,1489.6690193897666,0.0
2023-03-30,43123.5268753789,41526.5069595141,1597.0199158647956,0.0
2023-03-31,43640.24414398772,41879.06194837519,1761.182195612535,0.0
2023-04-03,43943.471717762775,41879.06194837519,2064.4097693875883,0.0
2023-04-04,44108.587167555015,42139.66535932743,1968.9218082275838,0.0
2023-04-05,44071.07155584902,42139.66535932743,1931.4061965215878,-0.0008505285277781775
2023-04-06,44144.52653427057,42139.66535932743,2004.8611749431366,0.0
2023-04-10,44144.52653427057,42139.66535932743,2004.8611749431366,0.0
2023-04-11,44184.98554221685,42139.66535932743,2045.3201828894162,0.0
2023-04-12,44050.10977494801,42139.66535932743,1910.444415620579,-0.0030525248704668943
2023-04-13,44063.817321682014,42139.66535932743,1924.1519623545828,-0.0027422939952998823
2023-04-14,44138.53811603644,42451.10937255008,1687.4287434863581,-0.0010512038333933067
2023-04-17,44566.83942439771,42805.879376822544,1760.960047575165,0.0
2023-04-18,44823.23905913049,42805.879376822544,2017.3596823079424,0.0
2023-04-19,44570.37506509456,42805.879376822544,1764.4956882720144,-0.005641359244528307
2023-04-20,44671.83365569143,42805.879376822544,1865.954278868885,-0.0033778327184102986
2023-04-21,44468.537284690115,42805.879376822544,1662.6579078675713,-0.007913345440574947
2023-04-24,44395.24834864137,42805.879376822544,1589.3689718188252,-0.00954841103572446
2023-04-25,44284.58891453201,42805.879376822544,1478.7095377094665,-0.012017207053865353
2023-04-26,44252.28912379977,42805.879376822544,1446.4097469772241,-0.012737810727545266
2023-04-27,44166.752867761694,42805.879376822544,1360.8734909391496,-0.014646112265620988
2023-04-28,44467.897107652425,42805.879376822544,1662.0177308298807,-0.00792762769797375
2023-05-01,44467.897107652425,42805.879376822544,1662.0177308298807,-0.00792762769797375
2023-05-02,44508.34886587857,42805.879376822544,1702.4694890560277,-0.0070251548050000116
2023-05-03,44508.94263250089,42805.879376822544,1703.0632556783457,-0.0070119079572758935
2023-05-04,44704.85637108778,43062.9787159646,1641.8776551231786,-0.002641100699718246
2023-05-05,44893.06727918397,43062.9787159646,1830.0885632193676,0.0
2023-05-08,44964.137091958626,43062.9787159646,1901.1583759940258,0.0
2023-05-09,45119.69669556095,43062.9787159646,2056.717979596353,0.0
2023-05-10,45206.533844706944,43062.9787159646,2143.555128742344,0.0
2023-05-11,45535.62242980216,43380.205734448245,2155.416695353917,0.0
2023-05-12,45598.5107985422,43380.205734448245,2218.3050640939546,0.0
2023-05-15,45756.549992043365,43380.205734448245,2376.3442575951194,0.0
2023-05-16,45625.44217676141,43380.205734448245,2245.2364423131658,-0.002865334368625958
2023-05-17,45556.42283626876,43380.205734448245,2176.2171018205117,-0.004373737875985141
2023-05-18,45720.45236339449,43380.205734448245,2340.2466289462463,-0.0007889062583422506
2023-05-19,45940.47812528564,43380.205734448245,2560.2723908373955,0.0
2023-05-22,46264.04795701029,43741.82574482422,2522.2222121860686,0.0
2023-05-23,46128.289440595494,43741.82574482422,2386.463695771272,-0.002934427971822677
2023-05-24,45876.097834440036,43741.82574482422,2134.2720896158135,-0.008385563730410018
2023-05-25,45782.238706949436,43741.82574482422,2040.412962125214,-0.01041433405283869
2023-05-26,46111.51996045311,43741.82574482422,2369.694215628886,-0.0032969012287665674
2023-05-29,46142.38982587059,43741.82574482422,2400.5640810463665,-0.002629647350632827
2023-05-30,46277.99638718695,43741.82574482422,2536.1706423627256,0.0
2023-05-31,46204.81649272336,43741.82574482422,2462.990747899137,-0.0015813107778332824
2023-06-01,46562.0542558716,43741.82574482422,2820.228511047375,0.0
2023-06-02,46806.81086510703,43741.82574482422,3064.9851202828067,0.0
2023-06-05,46887.45484649523,43741.82574482422,3145.6291016710093,0.0
2023-06-06,46930.53842806649,43741.82574482422,3188.7126832422655,0.0
2023-06-07,46841.116666697475,43741.82574482422,3099.290921873253,-0.0019054066789810035
2023-06-08,47113.51509357068,44061.302966136194,3052.2121274344827,0.0
2023-06-09,47130.37919061452,44061.302966136194,3069.0762244783255,0.0
2023-06-12,47288.62060254311,44061.302966136194,3227.317636406915,0.0
2023-06-13,47322.96349048715,44061.302966136194,3261.660524350955,0.0
2023-06-14,47433.07789351281,44061.302966136194,3371.7749273766167,0.0
2023-06-15,47747.909645094405,44535.31899816966,3212.590646924742,0.0
2023-06-16,47695.89007853243,44535.31899816966,3160.571080362766,-0.0010894627000141413
2023-06-19,47564.86321865395,44535.31899816966,3029.544220484284,-0.0038336008382570995
2023-06-20,47396.11064916631,44535.31899816966,2860.7916509966453,-0.007367840781784682
2023-06-21,47223.95784494103,44535.31899816966,2688.6388467713696,-0.010973292947227544
2023-06-22,46884.56746079825,44535.31899816966,2349.2484626285877,-0.01808125613693444
2023-06-23,46926.33691743444,44535.31899816966,2391.0179192647774,-0.017206464822578312
2023-06-26,47074.051994455636,44535.31899816966,2538.732996285973,-0.014112819925468732
2023-06-27,46954.251218776095,44535.31899816966,2418.9322206064317,-0.01662184653145021
2023-06-28,47096.7482864716,44535.31899816966,2561.429288301937,-0.013637484100619783
2023-06-29,47103.18043522624,44535.31899816966,2567.8614370565774,-0.013502773517424627
2023-06-30,47436.81600146652,44535.31899816966,2901.497003296856,-0.006515335350598909
2023-07-03,47532.096306524254,44535.31899816966,2996.777308354591,-0.0045198489352575
2023-07-04,47534.96106519516,44535.31899816966,2999.6420670254956,-0.004459851362752267
2023-07-05,47554.21724034463,44535.31899816966,3018.898242174968,-0.004056563024213438
2023-07-06,47016.541591063215,44535.31899816966,2481.2225928935513,-0.015317279006921532
2023-07-07,47106.18441583499,44535.31899816966,2570.865417665329,-0.013439860174598105
2023-07-10,47192.703531590276,44834.434871412835,2358.2686601774403,-0.01162786219608194
2023-07-11,47267.07445995789,44834.434871412835,2432.6395885450547,-0.01007028765678993
2023-07-12,48013.53394016991,45153.12568067181,2860.408259498101,0.0
2023-07-13,47791.19041948241,45153.12568067181,2638.064738810601,-0.0046308509797375955
2023-07-14,47719.579090827814,45153.12568067181,2566.4534101560057,-0.006122333126080555
2023-07-17,47612.6561874198,45153.12568067181,2459.530506747993,-0.008349265714322242
2023-07-18,47865.26700726845,45153.12568067181,2712.1413265966403,-0.0030880237452676866
2023-07-19,48302.14301809233,45420.49567960369,2881.647338488634,0.0
2023-07-20,48184.39830336905,45420.49567960369,2763.9026237653597,-0.0024376706159635834
2023-07-21,48312.36841104714,45420.49567960369,2891.8727314434436,0.0
2023-07-24,48426.496442178664,45420.49567960369,3006.0007625749713,0.0
2023-07-25,48664.011207101925,45420.49567960369,3243.5155274982317,0.0
2023-07-26,48712.22352531184,45420.49567960369,3291.7278457081484,0.0
2023-07-27,48864.935576297226,45420.49567960369,3444.4398966935332,0.0
2023-07-28,49033.8065755653,45420.49567960369,3613.3108959616075,0.0
2023-07-31,49023.39909705339,45420.49567960369,3602.903417449699,-0.00021225108223791374
2023-08-01,48867.914060444,45420.49567960369,3447.4183808403104,-0.0033832273426629123
2023-08-02,48396.66154500104,45420.49567960369,2976.16586539735,-0.012993994859084871
2023-08-03,48359.676740171875,45420.49567960369,2939.181060568182,-0.01374826639972431
2023-08-04,48402.802386963784,45420.49567960369,2982.3067073600905,-0.012868757958431912
2023-08-07,48487.00569296319,45737.34892820132,2749.656764761872,-0.011151507924628358
2023-08-08,48435.460692882516,45737.34892820132,2698.111764681198,-0.012202721437926348
2023-08-09,48470.76077660987,45737.34892820132,2733.4118484085557,-0.011482808255723021
2023-08-10,48864.68923846007,46060.47893308413,2804.210305375942,-0.003448994661358871
2023-08-11,48493.03493400668,46060.47893308413,2432.556000922552,-0.011028547023475381
2023-08-14,48673.96017418643,46060.47893308413,2613.4812411023013,-0.00733874089143609
2023-08-15,48518.298300809576,46060.47893308413,2457.8193677254458,-0.010513323577301345
2023-08-16,48462.038163823374,46060.47893308413,2401.5592307392435,-0.011660698030057743
2023-08-17,48561.083151254206,46359.668252233554,2201.4148990206522,-0.009640765368329847
2023-08-18,48429.431578883,46359.668252233554,2069.763326649445,-0.012325679748132706
2023-08-21,48352.9158758866,46359.668252233554,1993.2476236530492,-0.013886148093140318
2023-08-22,48581.686837783156,46359.668252233554,2222.018585549602,-0.00922057187392517
2023-08-23,49068.89890756215,46359.668252233554,2709.230655328596,0.0
2023-08-24,48954.04592982447,46359.668252233554,2594.3776775909137,-0.0023406471368768006
2023-08-25,48910.920082459765,46359.668252233554,2551.2518302262106,-0.0032195306725751496
2023-08-28,49055.06000555547,46359.668252233554,2695.3917533219137,-0.0002820300091255914
2023-08-29,49501.178428289524,46359.668252233554,3141.51017605597,0.0
2023-08-30,49455.03579253521,46359.668252233554,3095.367540301653,-0.0009321522682770462
2023-08-31,49528.11048390498,46359.668252233554,3168.4422316714263,0.0
2023-09-01,49764.086963163994,46359.668252233554,3404.4187109304403,0.0
2023-09-04,49863.91221968351,46359.668252233554,3504.2439674499547,0.0
2023-09-05,49822.37732922892,46359.668252233554,3462.7090769953647,-0.0008329649360764405
2023-09-06,49672.04350343638,46359.668252233554,3312.3752512028295,-0.0038478472246986266
2023-09-07,49893.16159645214,46673.64767465202,3219.5139218001204,0.0
2023-09-08,50026.3265995984,46673.64767465202,3352.6789249463764,0.0
2023-09-11,49976.44952376881,46673.64767465202,3302.8018491167895,-0.0009970165554787553
2023-09-12,49895.56937241984,46673.64767465202,3221.9216977678225,-0.002613768310935778
2023-09-13,49834.86054654561,46673.64767465202,3161.212871893593,-0.003827305862076241
2023-09-14,50221.31523077623,46673.64767465202,3547.667556124208,0.0
2023-09-15,50305.98574071275,46673.64767465202,3632.338066060729,0.0
2023-09-18,50102.15678619685,46673.64767465202,3428.5091115448304,-0.004051783331837973
2023-09-19,49907.889042885916,46673.64767465202,3234.2413682338956,-0.007913505559332531
2023-09-20,50137.42312154748,46673.64767465202,3463.775446895459,-0.0033507467686663757
2023-09-21,49500.457926383904,46673.64767465202,2826.810251731884,-0.016012563961686366
2023-09-22,49749.17894786901,46879.60455348038,2869.5743943886337,-0.01106840040295866
2023-09-25,49582.62068733652,46879.60455348038,2703.0161338561447,-0.014379303828864357
2023-09-26,49394.8905647611,46879.60455348038,2515.286011280725,-0.01811106894212581
2023-09-27,49279.8480323553,46879.60455348038,2400.2434788749233,-0.02039792468527244
2023-09-28,49585.8064142271,47146.119556684724,2439.6868575423796,-0.014315976834200135
2023-09-29,49607.497225544015,47146.119556684724,2461.3776688592916,-0.013884799291457788
2023-10-02,49344.5051165225,47146.119556684724,2198.3855598377777,-0.019112648525483906
2023-10-03,49024.66409825658,47146.119556684724,1878.5445415718568,-0.025470560284025848
2023-10-04,48979.02346624611,47146.119556684724,1832.9039095613844,-0.02637782074892785
2023-10-05,49213.96969025579,47463.93955637955,1750.0301338762438,-0.021707477437882438
2023-10-06,49656.25879604375,47699.811522275886,1956.4472737678661,-0.012915499718419621
2023-10-09,49913.77660177831,47699.811522275886,2213.965079502421,-0.007796470602046598
2023-10-10,50363.16802090621,47699.811522275886,2663.3564986303245,0.0
2023-10-11,50359.54179754487,47699.811522275886,2659.7302752689866,-7.200149442212667e-05
2023-10-12,50449.39906553415,47699.811522275886,2749.5875432582616,0.0
2023-10-13,50658.49440589835,47699.811522275886,2958.6828836224668,0.0
2023-10-16,50754.92270382402,47699.811522275886,3055.1111815481345,0.0
2023-10-17,50625.02432007285,47699.811522275886,2925.212797796965,-0.0025593258117873694
2023-10-18,50385.63477280386,47699.811522275886,2685.823250527974,-0.007275903722188851
2023-10-19,50251.27208522711,47699.811522275886,2551.4605629512225,-0.009923187579969765
2023-10-20,49859.892013470584,47699.811522275886,2160.080491194698,-0.01763436219923555
2023-10-23,49732.733996431845,47699.811522275886,2032.9224741559592,-0.020139695874567074
2023-10-24,49690.475150826176,47699.811522275886,1990.66362855029,-0.020972301725476688
2023-10-25,49728.81388751251,47699.811522275886,2029.0023652366217,-0.020216931908246267
2023-10-26,49544.606595961915,47699.811522275886,1844.7950736860294,-0.02384628019088514
2023-10-27,49459.304162822424,47699.811522275886,1759.4926405465376,-0.025526953288099112
2023-10-30,49870.162408170785,48027.74736737105,1842.4150407997367,-0.01743200951789796
2023-10-31,49916.81581837565,48027.74736737105,1889.0684510046049,-0.01651281965966273
2023-11-01,50261.90530213781,48027.74736737105,2234.157934766765,-0.009713686385913106
2023-11-02,50803.49718263439,48027.74736737105,2775.7498152633416,0.0
2023-11-03,51032.39867255524,48027.74736737105,3004.6513051841903,0.0
2023-11-06,51084.58086248219,48339.59902732589,2744.981835156301,0.0
2023-11-07,51179.4543517953,48339.59902732589,2839.855324469412,0.0
2023-11-08,51357.62647550447,48610.12529807273,2747.501177431739,0.0
2023-11-09,51435.30487742782,48610.12529807273,2825.179579355092,0.0
2023-11-10,51259.17416925373,48610.12529807273,2649.048871181003,-0.0034243154306913236
2023-11-13,51380.1711274584,48610.12529807273,2770.045829385672,-0.001071904795758589
2023-11-14,51878.20790251672,48610.12529807273,3268.082604443989,0.0
2023-11-15,51688.80358509863,48610.12529807273,3078.6782870258976,-0.003650941793787428
2023-11-16,52835.39915955422,48610.12529807273,4225.273861481488,0.0
2023-11-17,51765.79343425882,48610.12529807273,3155.66813618609,-0.020244111756691087
2023-11-20,51655.94535878433,48610.12529807273,3045.8200607116014,-0.022323173848050812
2023-11-21,51782.04366306212,48610.12529807273,3171.9183649893894,-0.019936548474085304
2023-11-22,52323.21399653625,48883.48529868308,3439.72869785317,-0.009693977355432695
2023-11-23,52314.14943641698,48883.48529868308,3430.6641377338965,-0.009865539608457418
2023-11-24,52222.97556069241,48883.48529868308,3339.490262009327,-0.011591160634793176
2023-11-27,52224.271073633616,48883.48529868308,3340.7857749505347,-0.011566640843861052
2023-11-28,52403.79435601171,48883.48529868308,3520.3090573286318,-0.008168856683359751
2023-11-29,52481.90673195562,48883.48529868308,3598.4214332725387,-0.006690446806905134
2023-11-30,52618.15299199775,48883.48529868308,3734.6676933146664,-0.00411175407041825
2023-12-01,53154.0626367359,48883.48529868308,4270.577338052819,0.0
